year,team,player,goals,shots,mins,gps
1999,BOS,Byron Dafoe,26,330,768,2.0699244539462147
1999,BUF,Dominik Hasek*,36,587,1217,4.826592498776663
1999,BUF,Dwayne Roloson,10,67,139,-0.10704682180604012
1999,CAR,Arturs Irbe,15,181,408,1.0527405397342935
1999,COL,Craig Billington,1,6,9,-0.021255210636633166
1999,COL,Patrick Roy*,52,650,1173,3.9891270728062986
1999,DAL,Ed Belfour*,43,617,1544,4.49693982221687
1999,DET,Bill Ranford,10,105,183,0.4656961515212574
1999,DET,Chris Osgood,14,172,358,1.0287791998450875
1999,DET,Norm Maracle,3,22,58,-0.003476897875447083
1999,EDM,Tommy Salo,11,149,296,1.0171839142119214
1999,MDA,Guy Hebert,15,124,208,0.19362607974334767
1999,MDA,Tom Askey,2,11,30,-0.057582604781879404
1999,NJD,Martin Brodeur*,20,139,425,-0.13873272606901443
1999,OTT,Damian Rhodes,6,65,150,0.3095620579299805
1999,OTT,Ron Tugnutt,6,41,118,-0.052170346276733504
1999,PHI,John Vanbiesbrouck,9,146,369,1.1953439870627054
1999,PHX,Nikolai Khabibulin,18,236,449,1.546645697643078
1999,PIT,Tom Barrasso,35,350,787,1.366173318923672
1999,SJS,Mike Vernon,13,172,321,1.140467511533399
1999,SJS,Steve Shields,6,36,60,-0.12753126381979904
1999,STL,Grant Fuhr*,31,305,790,1.1346783077893308
1999,STL,Jamie McLennan,0,7,37,0.10550528456029164
1999,TOR,Curtis Joseph,41,440,1011,2.0525399645689806
1999,TOR,Glenn Healy,0,5,20,0.07536091754306543
2000,BUF,Dominik Hasek*,12,147,301,0.8881663588163832
2000,COL,Patrick Roy*,31,431,1039,3.1339704922330336
2000,DAL,Ed Belfour*,45,651,1443,4.964656782395553
2000,DAL,Manny Fernandez,1,8,17,0.004393412291891781
2000,DET,Chris Osgood,18,237,547,1.6025407007084134
2000,EDM,Tommy Salo,14,133,297,0.4055147061568249
2000,FLA,Mike Vernon,12,136,237,0.7079722504938245
2000,LAK,Jamie Storr,2,25,36,0.15621836775678624
2000,LAK,Stephane Fiset,10,98,200,0.3387972092649231
2000,NJD,Martin Brodeur*,39,537,1450,3.857131658708849
2000,OTT,Tom Barrasso,16,168,372,0.7255458996613913
2000,PHI,Brian Boucher,40,484,1183,2.8622668339392767
2000,PHX,Sean Burke,16,167,296,0.7091646170866132
2000,PIT,Peter Skudra,1,11,20,0.05353726001622602
2000,PIT,Ron Tugnutt,22,398,746,3.7332998020223536
2000,SJS,Evgeni Nabokov,0,10,20,0.16381282574778075
2000,SJS,Steve Shields,36,323,696,0.7315077326253359
2000,STL,Roman Turek,19,161,415,0.2309063767189469
2000,TOR,Curtis Joseph,25,369,729,2.8782720624347897
2000,WSH,Craig Billington,1,6,20,-0.028369152857664386
2000,WSH,Olaf Kolzig,16,103,284,-0.33923746769918295
2001,BUF,Dominik Hasek*,29,347,833,2.280222544663915
2001,CAR,Arturs Irbe,20,201,360,0.9398469050838478
2001,COL,David Aebischer,0,0,1,0
2001,COL,Patrick Roy*,41,622,1451,5.394147533545666
2001,DAL,Ed Belfour*,25,277,671,1.6000866998791605
2001,DET,Chris Osgood,15,158,365,0.8246236641255671
2001,EDM,Tommy Salo,15,187,406,1.3035776053762909
2001,LAK,Felix Potvin,33,361,812,2.035481813240374
2001,LAK,Stephane Fiset,0,0,1,0
2001,NJD,Martin Brodeur*,52,507,1505,2.1859577641314067
2001,OTT,Patrick Lalime,10,99,251,0.4451499728220586
2001,PHI,Brian Boucher,3,17,37,-0.07620380311490652
2001,PHI,Roman Cechmanek,18,165,347,0.5832633295448932
2001,PIT,Jean-Sebastien Aubin,0,0,1,0
2001,PIT,Johan Hedberg,43,482,1123,2.8439761552871237
2001,SJS,Evgeni Nabokov,10,103,218,0.5112125854083654
2001,SJS,Miikka Kiprusoff,5,79,149,0.7097867542350422
2001,STL,Brent Johnson,2,36,62,0.3565835755389545
2001,STL,Roman Turek,31,382,908,2.620290467056294
2001,TOR,Curtis Joseph,24,329,685,2.577890632370052
2001,VAN,Bob Essensa,6,58,122,0.24396806928802764
2001,VAN,Dan Cloutier,9,57,117,-0.12951749046525932
2001,WSH,Olaf Kolzig,14,153,375,0.8610353672615867
2002,BOS,Byron Dafoe,19,141,358,-0.07180151313110841
2002,CAR,Arturs Irbe,30,480,1078,3.728334140829135
2002,CAR,Kevin Weekes,11,180,408,1.4267633314489538
2002,CHI,Jocelyn Thibault,7,77,159,0.3475041845085898
2002,CHI,Steve Passmore,6,62,138,0.23815324976718655
2002,COL,David Aebischer,1,14,34,0.0944240647885021
2002,COL,Patrick Roy*,52,572,1241,2.581459656349525
2002,DET,Dominik Hasek*,45,562,1455,3.234055758685315
2002,DET,Manny Legace,1,2,11,-0.08469837464631216
2002,LAK,Felix Potvin,15,201,417,1.2820191422514216
2002,LAK,Jamie Storr,0,0,1,0
2002,MTL,Jose Theodore,35,413,686,2.155473281224183
2002,MTL,Stephane Fiset,3,19,38,-0.060045814551220995
2002,NJD,Martin Brodeur*,9,145,381,1.1334271122016422
2002,NYI,Chris Osgood,17,193,392,0.9334999535239823
2002,NYI,Garth Snow,2,19,26,0.0545063000008935
2002,OTT,Patrick Lalime,18,332,778,2.893782762425133
2002,PHI,Brian Boucher,2,33,88,0.2634824793415101
2002,PHI,Roman Cechmanek,7,109,227,0.8251640230014281
2002,PHX,Sean Burke,13,133,297,0.4960962145583692
2002,SJS,Evgeni Nabokov,31,322,712,1.255336573718632
2002,SJS,Miikka Kiprusoff,0,2,8,0.029853739905802378
2002,STL,Brent Johnson,18,252,590,1.6996331661930375
2002,STL,Fred Brathwaite,0,0,1,0
2002,TOR,Corey Schwab,0,5,12,0.07463434976450596
2002,TOR,Curtis Joseph,48,557,1253,2.815765065264465
2002,VAN,Dan Cloutier,16,123,273,0.003171171373013837
2002,VAN,Peter Skudra,5,46,96,0.113875445072882
2003,BOS,Jeff Hackett,5,76,179,0.5631171740275861
2003,BOS,Steve Shields,6,58,119,0.17356988058987907
2003,COL,Patrick Roy*,16,177,423,0.8006586252707624
2003,DAL,Marty Turco,25,310,798,1.7567921660106498
2003,DET,Curtis Joseph,10,120,289,0.6422143690255583
2003,EDM,Jussi Markkanen,1,12,14,0.06422143690255581
2003,EDM,Tommy Salo,18,161,343,0.3240765252888568
2003,MDA,Jean-Sebastien Giguere,38,697,1407,6.0856900693639
2003,MDA,Martin Gerber,1,6,20,-0.02653230916549672
2003,MIN,Dwayne Roloson,25,257,579,0.9551340757428528
2003,MIN,Manny Fernandez,18,253,552,1.7156339649989967
2003,NJD,Corey Schwab,0,8,28,0.1210049947574034
2003,NJD,Martin Brodeur*,41,622,1491,4.599410077812596
2003,NYI,Garth Snow,12,134,305,0.6194009993839157
2003,NYI,Rick DiPietro,0,3,15,0.04537687303402628
2003,OTT,Patrick Lalime,34,449,1122,2.803679452818592
2003,PHI,Robert Esche,1,14,30,0.09447268559190672
2003,PHI,Roman Cechmanek,31,339,867,1.4917189406049407
2003,STL,Chris Osgood,17,183,417,0.7741263161052652
2003,TBL,John Grahame,2,48,111,0.4914578580773219
2003,TBL,Nikolai Khabibulin,26,299,644,1.4731242429856715
2003,TOR,Ed Belfour*,24,282,532,1.4505607395932876
2003,VAN,Alex Auld,1,5,20,-0.04165793351017214
2003,VAN,Dan Cloutier,45,341,833,-0.1200345839753969
2003,WSH,Olaf Kolzig,14,192,404,1.2621151009079916
2004,BOS,Andrew Raycroft,16,210,447,1.2269905111367156
2004,CGY,Miikka Kiprusoff,51,710,1655,4.536429254159713
2004,CGY,Roman Turek,0,3,19,0.04618316307038289
2004,COL,David Aebischer,23,295,662,1.6579624443894005
2004,COL,Tommy Salo,0,7,27,0.1077607138308934
2004,DAL,Marty Turco,18,119,325,-0.42462763163866046
2004,DET,Curtis Joseph,12,197,518,1.5283211971125776
2004,DET,Manny Legace,8,84,220,0.29021311407567746
2004,MTL,Jose Theodore,27,333,678,1.7414914506667292
2004,MTL,Mathieu Garon,0,6,12,0.09236632614076579
2004,NJD,Martin Brodeur*,13,133,298,0.4177159534575289
2004,NSH,Tomas Vokoun,12,197,356,1.5283211971125772
2004,NYI,Rick DiPietro,11,120,303,0.4683177764596305
2004,OTT,Martin Prusek,1,15,40,0.10555138386503399
2004,OTT,Patrick Lalime,13,139,398,0.5100822795982947
2004,PHI,Robert Esche,41,498,1061,2.5264633787214605
2004,PHI,Sean Burke,1,9,40,0.013185057724268224
2004,SJS,Evgeni Nabokov,30,461,1052,3.335879780542423
2004,STL,Chris Osgood,12,109,287,0.17361508038134615
2004,STL,Reinhard Divis,0,8,18,0.12315510152102102
2004,TBL,John Grahame,2,17,34,0.010975727758408771
2004,TBL,Nikolai Khabibulin,40,598,1401,4.191266579221103
2004,TOR,Ed Belfour*,27,379,774,2.4496332844125996
2004,TOR,Trevor Kidd,1,11,33,0.043973833104523435
2004,VAN,Alex Auld,9,88,222,0.2264262333493075
2004,VAN,Dan Cloutier,5,64,138,0.35841865473376605
2004,VAN,Johan Hedberg,4,51,98,0.28365604624898716
2006,BUF,Ryan Miller,48,522,1123,3.1066474847114502
2006,CAR,Cam Ward,47,584,1320,4.177797522070445
2006,CAR,Martin Gerber,13,90,221,0.040623257339675145
2006,CGY,Miikka Kiprusoff,16,202,428,1.471973341039439
2006,COL,Jose Theodore,29,296,573,1.574942909731822
2006,DAL,Marty Turco,18,136,319,0.23369478093571938
2006,DET,Manny Legace,18,155,408,0.529839759861082
2006,EDM,Dwayne Roloson,45,618,1160,4.917305591352498
2006,EDM,Jussi Markkanen,13,137,360,0.7731924157339939
2006,EDM,Ty Conklin,1,3,6,-0.05802247787748852
2006,MDA,Ilya Bryzgalov,16,285,659,2.7656593016081295
2006,MDA,Jean-Sebastien Giguere,18,132,318,0.1713484695830111
2006,MTL,Cristobal Huet,15,212,386,1.7326213308132288
2006,NJD,Martin Brodeur*,20,261,533,1.9724525879238037
2006,NJD,Scott Clemmensen,0,3,7,0.046759733514530964
2006,NSH,Chris Mason,17,171,296,0.8840072166639337
2006,NYR,Henrik Lundqvist,13,79,177,-0.13082909888027147
2006,NYR,Kevin Weekes,4,25,60,-0.029464399613653287
2006,OTT,Ray Emery,29,289,604,1.4658368648645839
2006,PHI,Antero Niittymaki,5,29,73,-0.07190029965296489
2006,PHI,Robert Esche,22,176,314,0.43802904889472066
2006,SJS,Evgeni Nabokov,1,4,12,-0.04243590003931155
2006,SJS,Vesa Toskala,28,311,686,1.9135237886964964
2006,TBL,John Grahame,15,98,188,-0.0442485427389478
2006,TBL,Sean Burke,7,57,109,0.15495945703195171
2007,ANA,Ilya Bryzgalov,10,128,267,0.790947800566611
2007,ANA,Jean-Sebastien Giguere,35,451,1067,2.815577976826642
2007,ATL,Johan Hedberg,5,69,117,0.47424169168914454
2007,ATL,Kari Lehtonen,11,73,118,-0.19804867083990682
2007,BUF,Ryan Miller,38,489,1029,3.046560893684158
2007,CGY,Jamie McLennan,0,0,1,0
2007,CGY,Miikka Kiprusoff,18,255,384,1.811243574736628
2007,DAL,Marty Turco,11,229,509,2.259506421022275
2007,DET,Dominik Hasek*,34,444,1140,2.8278538348007536
2007,MIN,Niklas Backstrom,11,145,297,0.936207525404177
2007,NJD,Martin Brodeur*,28,332,688,1.7987599029636803
2007,NSH,Tomas Vokoun,16,163,324,0.6070177447537627
2007,NYI,Rick DiPietro,13,127,236,0.4075419444585819
2007,NYI,Wade Dubielewicz,4,35,59,0.06117147607172547
2007,NYR,Henrik Lundqvist,22,291,637,1.8881686090895222
2007,OTT,Ray Emery,47,505,1249,2.195660932702258
2007,PIT,Jocelyn Thibault,0,1,8,0.015753558281167826
2007,PIT,Marc-Andre Fleury,18,150,287,0.1571199552140062
2007,SJS,Evgeni Nabokov,26,323,701,1.9020794103177436
2007,TBL,Johan Holmqvist,18,168,370,0.4406840042750275
2007,VAN,Dany Sabourin,1,11,14,0.05073837515055897
2007,VAN,Roberto Luongo,25,427,847,3.663000237501486
2008,ANA,Jean-Sebastien Giguere,19,187,358,0.6929696079165422
2008,BOS,Tim Thomas,19,221,430,1.1912584543775582
2008,CGY,Curtis Joseph,1,33,79,0.37586386859444215
2008,CGY,Miikka Kiprusoff,18,196,336,0.9326390202445319
2008,COL,Jose Theodore,27,286,514,1.2817140959053825
2008,COL,Peter Budaj,6,65,108,0.30599448864561835
2008,DAL,Marty Turco,40,511,1152,3.178211308867032
2008,DET,Chris Osgood,30,430,1160,3.068805645534172
2008,DET,Dominik Hasek*,10,89,206,0.22665009779427592
2008,MIN,Josh Harding,0,11,20,0.16121109738444647
2008,MIN,Niklas Backstrom,17,170,361,0.6593640318038284
2008,MTL,Carey Price,30,304,648,1.222205802766876
2008,MTL,Jaroslav Halak,3,27,77,0.0723916956305859
2008,NJD,Martin Brodeur*,16,147,301,0.4300557062861555
2008,NSH,Dan Ellis,15,240,357,1.900791680459009
2008,NYR,Henrik Lundqvist,26,287,608,1.404139073771957
2008,OTT,Martin Gerber,14,159,238,0.8214612050960738
2008,PHI,Martin Biron,52,540,1049,2.309989301082897
2008,PIT,Marc-Andre Fleury,41,610,1251,4.521341761768153
2008,SJS,Brian Boucher,0,0,2,0
2008,SJS,Evgeni Nabokov,31,333,853,1.5394474541306096
2008,WSH,Cristobal Huet,22,242,451,1.1757168241620826
2009,ANA,Jean-Sebastien Giguere,0,6,17,0.08312603533947589
2009,ANA,Jonas Hiller,30,524,807,4.168928020725729
2009,BOS,Tim Thomas,21,323,680,2.311429556529835
2009,CAR,Cam Ward,49,576,1101,2.9318813632395786
2009,CBJ,Steve Mason,17,139,239,0.17433057041993041
2009,CGY,Curtis McElhinney,1,10,34,0.03551853449062091
2009,CGY,Miikka Kiprusoff,19,164,324,0.31463933551740264
2009,CHI,Corey Crawford,1,7,16,-0.006044483179117004
2009,CHI,Cristobal Huet,7,78,130,0.3594644552203141
2009,CHI,Nikolai Khabibulin,43,421,881,1.4026079300874863
2009,DET,Chris Osgood,47,637,1406,3.983045771341265
2009,DET,Ty Conklin,0,9,20,0.12468905300921382
2009,MTL,Carey Price,15,123,219,0.15871085833167264
2009,MTL,Jaroslav Halak,0,5,20,0.0692716961162299
2009,NJD,Martin Brodeur*,17,239,427,1.5597644927445282
2009,NYR,Henrik Lundqvist,19,207,380,0.9103759221169796
2009,NYR,Steve Valiquette,0,9,40,0.12468905300921382
2009,PHI,Martin Biron,16,198,375,1.0947614423332828
2009,PIT,Marc-Andre Fleury,63,686,1447,3.013510669410895
2009,PIT,Mathieu Garon,0,8,24,0.1108347137859678
2009,SJS,Evgeni Nabokov,17,155,362,0.39599999799186636
2009,STL,Chris Mason,10,119,256,0.618417790147883
2009,VAN,Roberto Luongo,26,304,618,1.533072822578967
2009,WSH,Jose Theodore,6,33,97,-0.1609559520839159
2009,WSH,Semyon Varlamov,32,389,759,2.0925425101038413
2010,BOS,Tuukka Rask,36,409,829,2.174958241375876
2010,BUF,Ryan Miller,15,204,384,1.3578762721554283
2010,CHI,Antti Niemi,58,645,1322,3.3165682696656247
2010,CHI,Cristobal Huet,0,3,20,0.040345340389472156
2010,COL,Craig Anderson,16,239,366,1.7361981184106918
2010,COL,Peter Budaj,1,4,9,-0.03858000443594903
2010,DET,Jimmy Howard,33,387,720,2.156213786718815
2010,LAK,Erik Ersberg,2,4,13,-0.13095379605786095
2010,LAK,Jonathan Quick,21,181,360,0.4943192461046701
2010,MTL,Carey Price,8,73,135,0.24274628316852748
2010,MTL,Jaroslav Halak,43,562,1013,3.585954059885573
2010,NJD,Martin Brodeur*,15,126,299,0.30889742202915227
2010,NSH,Pekka Rinne,16,179,358,0.9292913106212489
2010,OTT,Brian Elliott,14,95,203,-0.015630637040148193
2010,OTT,Pascal Leclaire,10,125,211,0.7573179333422212
2010,PHI,Brian Boucher,27,298,656,1.5135447715626136
2010,PHI,Johan Backlund,0,0,1,0
2010,PHI,Michael Leighton,31,371,757,2.1257862212187884
2010,PHX,Ilya Bryzgalov,24,255,419,1.2123829341792478
2010,PIT,Brent Johnson,1,7,31,0.0017653359535231442
2010,PIT,Marc-Andre Fleury,37,339,798,1.1411931739996133
2010,SJS,Evgeni Nabokov,38,407,890,1.9633137645390701
2010,SJS,Thomas Greiss,2,28,40,0.1918089270579163
2010,VAN,Andrew Raycroft,1,7,25,0.0017653359535231442
2010,VAN,Roberto Luongo,38,362,707,1.3581336586969879
2010,WSH,Jose Theodore,5,40,81,0.07606891375006926
2010,WSH,Semyon Varlamov,14,153,349,0.7643792771563136
2011,ANA,Dan Ellis,4,24,41,-0.07781475107312515
2011,ANA,Ray Emery,17,165,319,0.49909172264480994
2011,BOS,Tim Thomas,51,849,1542,6.159985688661086
2011,BUF,Jhonas Enroth,1,8,17,0.006889309523959737
2011,BUF,Ryan Miller,20,242,410,1.217849079461075
2011,CHI,Corey Crawford,16,218,435,1.295663830534201
2011,DET,Jimmy Howard,28,364,673,2.036910477127742
2011,LAK,Jonathan Quick,20,229,380,1.0466195970615095
2011,MTL,Carey Price,16,242,455,1.611779798041093
2011,NSH,Anders Lindback,0,9,13,0.11854348781508452
2011,NSH,Pekka Rinne,32,343,748,1.3663782869791954
2011,NYR,Henrik Lundqvist,13,156,346,0.7744789534097428
2011,PHI,Brian Boucher,22,229,422,0.8496542377715008
2011,PHI,Michael Leighton,4,29,70,-0.01195725784252262
2011,PHI,Sergei Bobrovsky,10,81,186,0.08206459388571781
2011,PHX,Ilya Bryzgalov,17,140,234,0.16980425649179726
2011,PIT,Brent Johnson,4,11,34,-0.24904423347269167
2011,PIT,Marc-Andre Fleury,17,168,405,0.5386062185831717
2011,SJS,Antero Niittymaki,1,30,91,0.29666227973861076
2011,SJS,Antti Niemi,56,538,1044,1.57123621149259
2011,TBL,Dwayne Roloson,41,541,982,3.0879909021060166
2011,TBL,Mike Smith,2,48,120,0.4352665757237757
2011,VAN,Cory Schneider,7,82,163,0.390684131466851
2011,VAN,Roberto Luongo,61,711,1427,3.357492079046415
2011,WSH,Michal Neuvirth,23,261,590,1.1726595148023529
2012,BOS,Tim Thomas,16,207,448,1.1546742380322703
2012,CHI,Corey Crawford,17,159,396,0.33050547062106034
2012,DET,Jimmy Howard,13,116,295,0.1705415542107898
2012,FLA,Jose Theodore,11,135,268,0.6862782297725983
2012,FLA,Scott Clemmensen,7,88,179,0.46747790508904935
2012,LAK,Jonathan Quick,29,538,1238,4.487672736931777
2012,NJD,Johan Hedberg,1,14,36,0.0877955608246065
2012,NJD,Martin Brodeur*,52,629,1471,3.1091680581158934
2012,NSH,Pekka Rinne,21,296,609,1.8731249814533755
2012,NYR,Henrik Lundqvist,38,554,1251,3.6598315568380784
2012,OTT,Craig Anderson,14,208,419,1.4056470763643258
2012,PHI,Ilya Bryzgalov,37,326,642,0.42428815339307274
2012,PHI,Sergei Bobrovsky,5,18,37,-0.32589550342958756
2012,PHX,Mike Smith,34,602,1027,4.838395928644892
2012,PIT,Brent Johnson,2,6,20,-0.1480091238538186
2012,PIT,Marc-Andre Fleury,26,157,337,-0.762099546702392
2012,SJS,Antti Niemi,13,151,318,0.6853601266019768
2012,STL,Brian Elliott,18,187,455,0.6242284604021416
2012,STL,Jake Allen,0,0,1,0
2012,STL,Jaroslav Halak,3,46,104,0.3222230907470978
2012,VAN,Cory Schneider,4,101,183,1.0130918363728083
2012,VAN,Roberto Luongo,7,64,117,0.11445945544937852
2012,WSH,Braden Holtby,30,459,922,3.2075218054026586
2013,ANA,Jonas Hiller,18,218,439,0.9843435792230971
2013,BOS,Tuukka Rask,46,761,1466,5.351248790254814
2013,CHI,Corey Crawford,46,674,1504,4.141245356606803
2013,DET,Jimmy Howard,35,461,859,2.43014590830856
2013,LAK,Jonathan Bernier,0,9,30,0.12517276899807017
2013,LAK,Jonathan Quick,34,518,1099,3.336663392386284
2013,MIN,Darcy Kuemper,4,33,73,0.003940364633135691
2013,MIN,Josh Harding,12,135,245,0.5125121698916876
2013,MTL,Carey Price,13,123,239,0.2318585308043139
2013,MTL,Peter Budaj,7,31,63,-0.3651456475251656
2013,NYI,Evgeni Nabokov,24,152,324,-0.6161297426357669
2013,NYI,Kevin Poulin,1,15,52,0.09486466790683658
2013,NYR,Henrik Lundqvist,27,411,756,2.644794546149967
2013,OTT,Craig Anderson,29,352,578,1.5967042774271691
2013,OTT,Robin Lehner,2,25,49,0.12018890859252304
2013,PIT,Marc-Andre Fleury,17,145,290,0.08280995555091951
2013,PIT,Tomas Vokoun,23,345,685,2.1818873618572416
2013,SJS,Antti Niemi,21,298,673,1.7557205734916579
2013,STL,Brian Elliott,12,149,378,0.7072253661109082
2013,TOR,James Reimer,21,272,438,1.3941103519416769
2013,VAN,Cory Schneider,9,75,117,0.01929688450772813
2013,VAN,Roberto Luongo,6,71,140,0.304934384000649
2013,WSH,Braden Holtby,16,205,433,1.031051695961334
2014,ANA,Frederik Andersen,19,189,368,0.7042135989010982
2014,ANA,John Gibson,9,111,200,0.6175976255886969
2014,ANA,Jonas Hiller,8,85,219,0.3682128139717424
2014,BOS,Tuukka Rask,25,348,753,2.2402021193092616
2014,CBJ,Sergei Bobrovsky,20,218,378,0.99327806122449
2014,CHI,Corey Crawford,52,590,1234,2.889378924646781
2014,COL,Semyon Varlamov,20,231,432,1.1652232142857142
2014,DAL,Kari Lehtonen,19,165,346,0.3867763932496074
2014,DAL,Tim Thomas,1,2,15,-0.06805239403453688
2014,DET,Jimmy Howard,6,87,178,0.5836769034536892
2014,DET,Jonas Gustavsson,6,72,133,0.3852786499215069
2014,LAK,Jonathan Quick,69,774,1605,3.716470761381475
2014,LAK,Martin Jones,0,7,56,0.09258585164835165
2014,MIN,Darcy Kuemper,11,127,325,0.640211440345369
2014,MIN,Ilya Bryzgalov,21,182,479,0.4226167582417586
2014,MTL,Carey Price,29,358,739,1.9944456436420728
2014,MTL,Dustin Tokarski,13,155,300,0.8215438579277868
2014,MTL,Peter Budaj,3,8,20,-0.17150510204081632
2014,NYR,Cam Talbot,2,13,46,-0.016470516091051813
2014,NYR,Henrik Lundqvist,54,737,1516,4.4826474195447386
2014,PHI,Ray Emery,10,89,172,0.22401123430141293
2014,PHI,Steve Mason,8,131,244,0.9425654925431712
2014,PIT,Marc-Andre Fleury,32,378,800,1.906548763736264
2014,SJS,Alex Stalock,4,56,117,0.35001373626373616
2014,SJS,Antti Niemi,19,164,305,0.36051903453689166
2014,STL,Ryan Miller,19,185,422,0.6285873724489793
2014,TBL,Anders Lindback,14,118,215,0.22936567896389345
2014,TBL,Kristers Gudlevskis,2,20,40,0.07288559654631079
2015,ANA,Frederik Andersen,41,472,1050,1.8835409605538334
2015,CGY,Jonas Hiller,14,173,322,0.7991488335616932
2015,CGY,Karri Ramo,16,171,336,0.5610408253407374
2015,CHI,Corey Crawford,47,616,1223,3.147215511646355
2015,CHI,Scott Darling,11,171,290,1.0903775600346146
2015,DET,Jimmy Howard,1,12,20,0.05237253912165572
2015,DET,Petr Mrazek,14,186,398,0.9705753767938277
2015,MIN,Darcy Kuemper,0,9,23,0.11867991454532346
2015,MIN,Devan Dubnyk,24,260,570,0.887714538112065
2015,MTL,Carey Price,28,352,752,1.6774176101536018
2015,NSH,Pekka Rinne,19,208,416,0.7313450998774075
2015,NYI,Jaroslav Halak,16,215,418,1.1412537408956516
2015,NYI,Michal Neuvirth,0,6,11,0.07911994303021562
2015,NYR,Henrik Lundqvist,41,570,1166,3.175833363380689
2015,OTT,Andrew Hammond,7,81,122,0.3270478023364824
2015,OTT,Craig Anderson,4,142,247,1.4490359306266678
2015,PIT,Marc-Andre Fleury,11,150,312,0.81345775942886
2015,STL,Brian Elliott,1,7,26,-0.013560746736857277
2015,STL,Jake Allen,12,125,328,0.3779239831975193
2015,TBL,Andrei Vasilevskiy,6,57,113,0.11643537715439531
2015,TBL,Ben Bishop,53,669,1459,3.21090426011394
2015,VAN,Eddie Lack,10,88,198,0.10175236172207396
2015,VAN,Ryan Miller,6,67,156,0.24830194887142124
2015,WPG,Ondrej Pavelec,15,137,241,0.21856182844162425
2015,WSH,Braden Holtby,23,412,806,2.9979537751496377
2015,WSH,Philipp Grubauer,3,21,60,-0.040682240210571874
2016,ANA,Frederik Andersen,7,132,297,1.0224682099338835
2016,ANA,John Gibson,6,60,117,0.18512995577334848
2016,CHI,Corey Crawford,19,205,448,0.7813617780614315
2016,DAL,Antti Niemi,13,96,237,-0.04115011021273192
2016,DAL,Kari Lehtonen,26,257,555,0.7632064247286788
2016,DET,Jimmy Howard,7,64,117,0.13793818115724246
2016,DET,Petr Mrazek,4,73,177,0.5526771903630533
2016,FLA,Roberto Luongo,15,227,438,1.4644250690775091
2016,LAK,Jonathan Quick,15,132,296,0.2286845876983784
2016,MIN,Devan Dubnyk,20,163,359,0.13581145456700952
2016,NSH,Carter Hutton,1,3,20,-0.06019956915693927
2016,NSH,Pekka Rinne,38,404,866,1.4846767888778656
2016,NYI,Jean-Francois Berube,0,2,5,0.02601558908166592
2016,NYI,Thomas Greiss,30,388,733,2.070335698460045
2016,NYR,Antti Raanta,4,38,94,0.0974043814338998
2016,NYR,Henrik Lundqvist,15,113,205,-0.018463508577447708
2016,PHI,Michal Neuvirth,2,105,178,1.1673725212285846
2016,PHI,Steve Mason,12,81,176,-0.1370440755457881
2016,PIT,Jeff Zatkoff,6,65,117,0.2501689284775136
2016,PIT,Marc-Andre Fleury,4,32,79,0.019357614188902156
2016,PIT,Matt Murray,44,575,1267,3.113671938683673
2016,SJS,James Reimer,1,7,29,-0.008168390993607416
2016,SJS,Martin Jones,53,684,1473,3.6385149686195226
2016,STL,Brian Elliott,43,546,1058,2.8356688497789557
2016,STL,Jake Allen,7,68,169,0.1899693593205743
2016,TBL,Andrei Vasilevskiy,20,267,434,1.4886220868136373
2016,TBL,Ben Bishop,18,297,582,2.077301828597502
2016,WSH,Braden Holtby,21,363,732,2.6381474099541635
2017,ANA,John Gibson,38,466,879,2.1871245379001434
2017,ANA,Jonathan Bernier,10,79,183,-0.005052127974972824
2017,BOS,Tuukka Rask,15,187,402,0.9039604073019873
2017,CBJ,Sergei Bobrovsky,20,170,309,0.1495813380817823
2017,CGY,Brian Elliott,12,100,185,0.06313453717711459
2017,CGY,Chad Johnson,1,21,52,0.1738182273538056
2017,CHI,Corey Crawford,12,123,254,0.369198592404593
2017,EDM,Cam Talbot,33,437,799,2.329375496665391
2017,EDM,Laurent Brossoit,2,8,27,-0.10480606171561765
2017,MIN,Devan Dubnyk,10,133,322,0.7135330451678021
2017,MTL,Carey Price,12,179,387,1.1143980312193231
2017,NSH,Juuse Saros,3,17,57,-0.09067342839353992
2017,NSH,Pekka Rinne,42,599,1289,3.5344469562782534
2017,NYR,Henrik Lundqvist,29,395,775,2.1930021663612154
2017,OTT,Craig Anderson,46,590,1178,2.9921565119475857
2017,OTT,Mike Condon,4,32,61,0.003302001944401771
2017,PIT,Marc-Andre Fleury,37,490,867,2.6121272881653166
2017,PIT,Matt Murray,19,303,669,2.0250615674684838
2017,SJS,Martin Jones,11,168,377,1.0736511322252902
2017,STL,Jake Allen,22,336,675,2.1473022644505813
2017,TOR,Frederik Andersen,18,211,403,0.906436908760288
2017,WSH,Braden Holtby,33,364,803,1.3579547996390464
2017,WSH,Philipp Grubauer,2,9,19,-0.09149892887964035
2018,ANA,John Gibson,13,117,217,0.3158255742295189
2018,ANA,Ryan Miller,3,12,20,-0.12697783310513736
2018,BOS,Anton Khudobin,0,8,27,0.10659235089457815
2018,BOS,Tuukka Rask,33,339,687,1.361320915240699
2018,CBJ,Sergei Bobrovsky,22,221,415,0.8409270575180213
2018,COL,Andrew Hammond,6,90,137,0.6254312286699951
2018,COL,Jonathan Bernier,14,120,217,0.260175585999318
2018,LAK,Jonathan Quick,7,131,271,1.07609490718904
2018,MIN,Alex Stalock,1,16,48,0.11756258197348815
2018,MIN,Devan Dubnyk,14,152,248,0.6865449895776302
2018,NJD,Cory Schneider,6,119,202,1.0118285006628411
2018,NJD,Keith Kinkaid,9,46,92,-0.24769306069718935
2018,NSH,Juuse Saros,2,42,114,0.36836560256519896
2018,NSH,Pekka Rinne,35,363,684,1.4898537282930964
2018,PHI,Brian Elliott,14,97,177,-0.04627742282259453
2018,PHI,Michal Neuvirth,11,72,150,-0.09251215992114686
2018,PHI,Petr Mrazek,2,14,31,-0.004707625565824631
2018,PIT,Matt Murray,29,314,716,1.410708297957815
2018,SJS,Aaron Dell,2,28,47,0.18182898849968715
2018,SJS,Martin Jones,22,304,585,1.946822698049271
2018,TBL,Andrei Vasilevskiy,43,524,999,2.8700478315211355
2018,TBL,Louis Domingue,0,7,18,0.09326830703275588
2018,TOR,Curtis McElhinney,4,23,47,-0.07603547044076057
2018,TOR,Frederik Andersen,23,221,367,0.7453049377023532
2018,VEG,Marc-Andre Fleury,47,641,1259,4.04647248409167
2018,WPG,Connor Hellebuyck,40,511,1015,2.9837016207644522
2018,WPG,Steve Mason,0,7,20,0.09326830703275588
2018,WSH,Braden Holtby,50,639,1386,3.7329580369210205
2018,WSH,Philipp Grubauer,8,49,105,-0.11209880929605437
2019,BOS,Tuukka Rask,49,742,1459,4.813982140709943
2019,CAR,Curtis McElhinney,9,128,268,0.7769361472066946
2019,CAR,Petr Mrazek,30,282,660,0.7169709544693884
2019,CBJ,Sergei Bobrovsky,25,333,623,1.8661577392818507
2019,CGY,Mike Smith,17,205,319,0.9914307231502656
2019,COL,Philipp Grubauer,28,373,732,2.0906144973605247
2019,DAL,Anton Khudobin,0,5,11,0.064728670606668
2019,DAL,Ben Bishop,30,448,811,2.865962818610766
2019,NSH,Juuse Saros,1,21,45,0.17406954762311605
2019,NSH,Pekka Rinne,17,179,330,0.6548416359955923
2019,NYI,Robin Lehner,15,233,449,1.549493016397386
2019,NYI,Thomas Greiss,2,10,36,-0.06612439663644308
2019,PIT,Matt Murray,12,127,239,0.4706178063106926
2019,SJS,Aaron Dell,5,36,90,-0.022907916256438093
2019,SJS,Martin Jones,58,567,1154,1.6683608491525581
2019,STL,Jake Allen,1,4,24,-0.04600793243955515
2019,STL,Jordan Binnington,64,742,1560,3.3471191068365997
2019,TBL,Andrei Vasilevskiy,15,104,235,-0.1205066852546487
2019,TOR,Frederik Andersen,19,244,414,1.3007326160324966
2019,VEG,Marc-Andre Fleury,21,230,467,0.9239106004840473
2019,WPG,Connor Hellebuyck,16,184,360,0.8173611755271493
2019,WSH,Braden Holtby,20,233,449,1.0605386717729384
