X1,year,team,games,wins,ot.wins,ot.losses,goals,goals.against,points,team.dps,team.ops,team.gps,dps.avg,ops.avg,gps.avg,team.ps,dps.prop,dps.prop.adj,ops.prop,ops.prop.adj,dps.full.prop,dps.full.prop.adj,champ
1,1999,MDA,4,0,0,0,6,17,0,-0.2008655754547316,-0.13184457642874817,0.13604347496146826,-0.0502163938636829,-0.03296114410718704,0.034010868740367066,-0.19666667692201148,1.0213503304089753,0.5865631105775129,0.6703961163742619,0.1956811701820368,0.3296038836257383,-0.19568117018203673,0
2,1999,OTT,4,0,0,1,6,12,1,1.2374929035102409,0.2573126046685111,0.257391711653247,0.3093732258775602,0.06432815116712777,0.06434792791331174,1.7521972198319988,0.7062520642675669,0.27146484443610447,0.1468513942130226,-0.32786355197920247,0.8531486057869775,0.32786355197920247,0
3,1999,EDM,4,0,0,1,7,11,1,1.389830057940654,-0.04681485455232252,1.0171839142119214,0.3474575144851635,-0.01170371363808063,0.25429597855298036,2.360199117600253,0.5888613581695481,0.15407413833808564,-0.019835129249570187,-0.4945500754417953,1.0198351292495702,0.4945500754417952,0
4,1999,CAR,6,2,1,1,10,16,4,2.635874449290914,0.8893161468241719,1.0527405397342935,0.43931240821515233,0.14821935780402865,0.17545675662238225,4.577931135849379,0.5757785276955373,0.14099130786407482,0.19426158245588598,-0.2804533637363391,0.8057384175441141,0.2804533637363391,0
5,1999,PHI,6,2,0,1,11,9,5,4.546625929860828,0.6436842492273941,1.1953439870627054,0.757770988310138,0.10728070820456569,0.19922399784378422,6.385654166150927,0.7120062896549552,0.2772190698234927,0.10080161444373785,-0.37391333174848723,0.8991983855562622,0.3739133317484872,0
6,1999,SJS,6,2,0,2,17,19,6,1.3754456229400323,5.633816360967177,1.0129362477136001,0.22924093715667204,0.9389693934945296,0.1688227079522667,8.02219823162081,0.1714549532718461,-0.2633322665596164,0.7022783778591467,0.2275634316669216,0.29772162214085335,-0.22756343166692167,0
7,1999,PHX,7,3,1,2,16,19,7,2.732868963491153,4.366251528631614,1.546645697643078,0.39040985192730754,0.6237502183759449,0.22094938537758257,8.645766189765844,0.3160933228481359,-0.11869389698332655,0.505016146955261,0.030301200763035885,0.49498385304473913,-0.030301200763035885,0
8,1999,NJD,7,3,0,1,18,21,7,2.5750139061066304,5.997058668423748,-0.13873272606901443,0.36785912944380433,0.8567226669176783,-0.01981896086700206,8.433339848461365,0.3053373814380827,-0.12944983839337976,0.711113126730911,0.2363981805386859,0.2888868732690889,-0.2363981805386861,0
9,1999,BOS,12,6,1,1,30,27,12,6.506573745459726,8.151727190700965,2.0699244539462147,0.5422144787883105,0.6793105992250804,0.1724937044955179,16.728225390106907,0.388957799989216,-0.04582941984224648,0.4873037635852221,0.012588817392996998,0.5126962364147779,-0.01258881739299711,0
10,1999,DET,10,6,1,0,31,27,11,3.538984572357579,9.886982907027273,1.4909984534908978,0.35389845723575786,0.9886982907027273,0.14909984534908977,14.91696593287575,0.23724560264349412,-0.19754161718796834,0.662801199085478,0.18808625289325287,0.337198800914522,-0.18808625289325304,0
11,1999,STL,13,6,4,3,31,33,11,6.528814379316108,6.994384695420647,1.2401835923496225,0.5022164907166237,0.5380295919554343,0.09539873787304788,14.763382667086377,0.44223024807664896,0.0074430282451865,0.4737657251826164,-9.492210096087028e-4,0.5262342748173836,9.492210096085918e-4,0
12,1999,PIT,13,6,1,2,35,36,13,4.718538509212398,10.294983793641965,1.366173318923672,0.362964500708646,0.7919218302801512,0.10509025530182092,16.379695621778033,0.2880724171051596,-0.14671480272630288,0.6285210684839596,0.15380612229173451,0.3714789315160405,-0.15380612229173451,0
13,1999,TOR,17,9,3,0,43,46,15,7.9916382187705,14.175999830131765,2.127900882112046,0.47009636581002945,0.8338823429489274,0.125170640124238,24.295538931014313,0.3289343875623531,-0.10585283226910935,0.583481595958157,0.10876664976593187,0.41651840404184304,-0.10876664976593198,0
14,1999,COL,19,11,3,1,56,54,20,6.133094358886681,20.303605132199156,3.9678718621696656,0.3227944399414043,1.0686107964315346,0.2088353611668245,30.404571353255502,0.20171619220114392,-0.23307102763031853,0.6677813311788456,0.19306638498662054,0.33221866882115436,-0.19306638498662065,0
15,1999,BUF,21,14,2,1,59,49,27,10.71307541624652,19.090231756693836,4.719545676970623,0.5101464483926914,0.9090586550806589,0.22474027033193442,34.52285284991098,0.31031836977152205,-0.1244688500599404,0.5529737602998548,0.07825881410762969,0.4470262397001451,-0.07825881410762991,0
16,1999,DAL,23,16,4,4,64,44,32,14.786863036361057,21.565434176088694,4.49693982221687,0.6429070885374373,0.9376275728734215,0.1955191227050813,40.849237034666615,0.36198627219921437,-0.07280094763224809,0.527927465518811,0.05321251932658588,0.47207253448118924,-0.05321251932658577,1
17,2000,FLA,4,0,0,0,6,12,0,0.7766807449168837,0.5459428061150273,0.7079722504938245,0.19417018622922091,0.13648570152875683,0.17699306262345613,2.0305958015257355,0.382489092281835,0.10400013391871765,0.2688584334237372,-0.2813623170943386,0.7311415665762627,0.28136231709433857,0
18,2000,LAK,4,0,0,0,6,15,0,0.806993627085289,0.6819763719890176,0.4950155770217094,0.20174840677132225,0.1704940929972544,0.12375389425542735,1.983985576096016,0.4067537772493534,0.1282648188862361,0.3437405897531651,-0.20648016076491071,0.6562594102468349,0.20648016076491071,0
19,2000,WSH,5,1,0,1,8,17,3,0.5000904816924291,-1.0210384730053714,-0.36760662055684734,0.10001809633848582,-0.2042076946010743,-0.07352132411136947,-0.8885546118697897,-0.5628134444545692,-0.8413024028176865,1.1491004147249828,0.598879664206907,-0.14910041472498278,-0.598879664206907,0
20,2000,BUF,5,1,1,0,8,14,1,1.9077183860300564,1.941833013974874,0.8881663588163832,0.3815436772060113,0.3883666027949748,0.17763327176327665,4.737717758821313,0.40266611122581386,0.12417715286269654,0.4098667571235773,-0.14035399339449856,0.5901332428764228,0.1403539933944986,0
21,2000,PHX,5,1,0,0,10,17,2,0.6878945291371402,2.5025106224194285,0.7091646170866132,0.13757890582742804,0.5005021244838856,0.14183292341732262,3.899569768643182,0.17640267258931144,-0.10208628577380588,0.6417401844024843,0.09151943388440842,0.3582598155975157,-0.09151943388440847,0
22,2000,EDM,5,1,0,0,11,14,2,1.3915545091438197,3.1930384951074275,0.4055147061568249,0.27831090182876395,0.6386076990214855,0.08110294123136498,4.990107710408072,0.2788626197870233,3.73661423905991e-4,0.6398736621351031,0.08965291161702726,0.36012633786489695,-0.08965291161702721,0
23,2000,OTT,6,2,0,1,10,17,5,1.895079894474354,1.025117771282016,0.7255458996613913,0.315846649079059,0.17085296188033602,0.12092431661023188,3.645743565417761,0.5198061411807496,0.24131718281763231,0.281182083404308,-0.26903866711376784,0.718817916595692,0.2690386671137679,0
24,2000,STL,7,3,0,0,22,20,6,2.2410217446312704,10.115656787991398,0.2309063767189469,0.3201459635187529,1.445093826855914,0.032986625245563846,12.587584909341615,0.17803429019717218,-0.10045466816594514,0.8036217321151314,0.2534009815970556,0.1963782678848686,-0.2534009815970556,0
25,2000,DET,9,5,0,1,23,19,11,4.735824198113704,4.629024889210817,1.6025407007084134,0.5262026886793004,0.5143360988012019,0.17806007785649036,10.967389788032936,0.4318096000637451,0.15332064170062776,0.4220717033565978,-0.128149047161478,0.5779282966434022,0.128149047161478,0
26,2000,SJS,12,5,0,0,27,37,10,2.546679146145739,7.318720468455829,0.8953205583731166,0.2122232621788116,0.609893372371319,0.07461004653109306,10.760720172974684,0.23666437796065626,-0.041824580402461065,0.6801329605091522,0.12991220999107633,0.31986703949084777,-0.1299122099910764,0
27,2000,TOR,12,6,1,0,26,26,11,5.614102805792854,6.287246854771239,2.8782720624347897,0.4678419004827378,0.5239372378976033,0.23985600520289915,14.779621722998883,0.3798542960715043,0.10136533770838696,0.42539971405272986,-0.12482103646534598,0.5746002859472701,0.12482103646534592,0
28,2000,PIT,11,6,1,2,31,23,13,5.028503149383986,12.485676010592778,3.7868370620385794,0.4571366499439987,1.1350614555084344,0.34425791473077993,21.301016222015342,0.23606869723834362,-0.042420261124773706,0.5861540069477247,0.03593325642964884,0.4138459930522754,-0.035933256429648786,0
29,2000,COL,17,11,1,1,43,32,22,10.141014717653139,17.52371167028043,3.1339704922330336,0.5965302775090082,1.0308065688400254,0.18435120542547256,30.798696880166602,0.3292676556125216,0.05077869724940426,0.5689757504501807,0.018754999932104832,0.4310242495498193,-0.018754999932104832,0
30,2000,PHI,18,11,2,1,44,40,21,8.396179343474573,13.839052185072505,2.8622668339392767,0.4664544079708096,0.7688362325040281,0.1590148241077376,25.097498362486355,0.3345424799797768,0.056053521616659496,0.5514116182096446,0.001190867691568731,0.44858838179035543,-0.001190867691568731,0
31,2000,DAL,23,14,2,1,52,46,27,11.97633226221749,16.254953677087304,4.969050194687445,0.5207100983572822,0.7067371163951002,0.21604566063858457,33.20033613399224,0.3607292472546835,0.0822402888915662,0.4896020814814773,-0.060618669036598516,0.5103979185185227,0.060618669036598516,0
32,2000,NJD,23,16,1,1,61,39,32,15.042040469998499,22.347412705088306,3.857131658708849,0.6540017595651522,0.9716266393516655,0.16770137646560213,41.24658483379566,0.36468571957195606,0.08619676120883873,0.5418003161992168,-0.008420434318859082,0.45819968380078313,0.008420434318858971,1
33,2001,OTT,4,0,0,2,3,10,2,1.6080830061858693,-1.9613761769588323,0.4451499728220586,0.4020207515464673,-0.49034404423970807,0.11128749320551465,0.09185680204909563,17.506411831389265,16.07139540155798,-21.352541490727226,-20.433355580692286,22.35254149072723,20.43335558069229,0
34,2001,VAN,4,0,0,1,9,16,1,0.05931846590388743,0.7756776171110112,0.11445057882276832,0.014829616475971858,0.1939194042777528,0.02861264470569208,0.949446661837667,0.06247688078556801,-1.372539549045718,0.8169786132163303,1.7361645232512721,0.18302138678366975,-1.7361645232512721,0
35,2001,CAR,6,2,1,0,8,20,3,0.7388175341994739,-0.3623543926293922,0.9398469050838478,0.12313625569991232,-0.06039239877156536,0.15664115084730798,1.3163100466539297,0.5612792640134852,-0.8737371658178008,-0.2752804277005253,0.6439054823344165,1.2752804277005252,-0.6439054823344168,0
36,2001,WSH,6,2,1,1,10,14,4,2.6641580175819217,-0.5250519496352146,0.8610353672615867,0.4440263362636536,-0.08750865827253577,0.14350589454359777,3.0001414352082936,0.8880108071961463,-0.5470056226351396,-0.17500906573051658,0.7441768443044252,1.1750090657305166,-0.7441768443044254,0
37,2001,SJS,6,2,0,1,11,16,5,2.1757263677935836,0.4211553045395284,1.2209993396434076,0.3626210612989306,0.07019255075658806,0.20349988994056792,3.8178810119765196,0.5698779927840676,-0.8651384370472184,0.11031127036656807,1.0294971804015098,0.8896887296334319,-1.02949718040151,0
38,2001,EDM,6,2,1,3,13,16,6,2.270696667033031,2.654671167354948,1.3035776053762909,0.37844944450550516,0.44244519455915804,0.2172629342293818,6.22894543976427,0.36453950174894517,-1.0704769280823407,0.42618308235742264,1.3453689923923644,0.5738169176425774,-1.3453689923923646,0
39,2001,PHI,6,2,0,2,13,21,6,0.5136321926168785,1.7353283825382695,0.5070595264299868,0.08560536543614643,0.28922139708971156,0.08450992107166445,2.7560201015851344,0.18636736079009772,-1.2486490690411882,0.6296501181323712,1.548836028167313,0.370349881867629,-1.548836028167313,0
40,2001,DET,6,2,0,2,17,15,6,2.3291687062567137,7.404405725638603,0.8246236641255671,0.38819478437611893,1.2340676209397672,0.13743727735426117,10.558198096020885,0.2206028609308361,-1.2144135689004498,0.701294449895682,1.6204803599306237,0.29870555010431793,-1.6204803599306241,0
41,2001,DAL,10,4,3,2,22,26,7,3.9670807344942745,5.204265932937817,1.6000866998791605,0.39670807344942743,0.5204265932937817,0.16000866998791605,10.771433367311252,0.36829645593254323,-1.0667199738987427,0.4831544470888648,1.4023403571238067,0.5168455529111352,-1.4023403571238067,0
42,2001,LAK,13,7,4,0,25,34,10,4.8474176215115365,5.4179345281925135,2.035481813240374,0.37287827857781053,0.4167641944763472,0.1565755240954134,12.300833962944424,0.39407227478349127,-1.0409441550477947,0.44045261845771916,1.3596385284926609,0.5595473815422809,-1.359638528492661,0
43,2001,TOR,11,7,2,2,28,24,14,5.102682910480655,9.222457877533992,2.577890632370052,0.46388026458915044,0.8384052615939993,0.2343536938518229,16.9030314203847,0.30187975065389316,-1.133136679177393,0.5456096985308744,1.464795608565816,0.4543903014691257,-1.4647956085658163,0
44,2001,BUF,13,7,3,2,38,30,13,6.164955621783547,15.402036508911426,2.280222544663915,0.47422735552181133,1.1847720391470327,0.17540173420491653,23.847214675358888,0.25851889647111453,-1.1764975333601715,0.6458631214833743,1.565049031518316,0.3541368785166256,-1.5650490315183163,0
45,2001,PIT,18,9,3,2,38,44,17,7.526152781617232,10.143850762908269,2.8439761552871237,0.41811959897873513,0.5635472646060149,0.1579986752937291,20.513979699812623,0.3668792156251367,-1.0681372142061494,0.49448478117587896,1.4136706912108208,0.5055152188241211,-1.4136706912108208,0
46,2001,STL,15,9,3,2,40,34,17,7.186446988014004,13.74750235105259,2.9768740425952482,0.4790964658676003,0.9165001567368394,0.19845826950634987,23.910823381661842,0.3005520501450224,-1.1344643796862637,0.5749489313528239,1.4941348413877655,0.4250510686471761,-1.494134841387766,0
47,2001,NJD,25,15,2,1,69,52,29,13.893252696866421,27.079485598238037,2.1859577641314067,0.5557301078746568,1.0831794239295214,0.08743831056525626,43.158696059235865,0.3219108537894137,-1.1131055760418722,0.6274398457513891,1.546625755786331,0.3725601542486109,-1.546625755786331,0
48,2001,COL,23,16,3,3,69,41,32,13.90791172067074,28.891093906682343,5.394147533545666,0.6046918139422061,1.256134517681841,0.23452815363242024,48.193153160898746,0.2885868802615482,-1.1464295495697376,0.5994854457899006,1.5186713558248424,0.40051455421009946,-1.5186713558248426,1
49,2002,PHI,5,1,1,1,2,11,2,2.9704048803725445,-4.338354433416787,1.0886465023429381,0.5940809760745089,-0.8676708866833573,0.21772930046858763,-0.2793030507013041,-10.635060637233044,-10.358776264025101,15.532785705432074,14.141226458437503,-14.532785705432074,-14.141226458437503,0
50,2002,CHI,5,1,0,0,5,13,2,1.7167232498530243,-1.13468839884713,0.5856574342757763,0.3433446499706049,-0.22693767976942597,0.11713148685515526,1.1676922852816707,1.4701846295395506,1.746469002747493,-0.971735801588704,-2.363295048583275,1.971735801588704,2.363295048583275,0
51,2002,PHX,5,1,0,0,7,13,2,1.7676802572465251,0.03137475546757859,0.4960962145583692,0.353536051449305,0.006274951093515719,0.09921924291167385,2.295151227272473,0.7701802984665254,1.0464646716744677,0.01367001663975926,-1.3778892303548118,0.9863299833602407,1.3778892303548116,0
52,2002,NJD,6,2,0,2,11,9,6,4.322924971815001,1.6493128196924758,1.1334271122016422,0.7204874953025002,0.27488546994874596,0.1889045187002737,7.105664903709119,0.6083772638305048,0.8846616370384472,0.23211238385749705,-1.159446863137074,0.767887616142503,1.159446863137074,0
53,2002,VAN,6,2,1,0,16,22,3,0.4875010620328458,5.234705519568026,0.11704661644589584,0.08125017700547431,0.8724509199280043,0.019507769407649308,5.839253198046767,0.08348688530853829,0.3597712585164806,0.8964683225791678,-0.49509092441540326,0.10353167742083237,0.4950909244154033,0
54,2002,BOS,6,2,0,0,18,20,4,1.1399269780428773,7.167120726785719,-0.07180151313110841,0.1899878296738129,1.1945201211309533,-0.011966918855184736,8.235246191697488,0.13842051002581018,0.41470488323375254,0.870298295879895,-0.521260951114676,0.12970170412010495,0.521260951114676,0
55,2002,LAK,7,3,1,0,13,16,5,3.3429250682341194,2.7905203033939436,1.2820191422514216,0.4775607240334456,0.3986457576277062,0.1831455917502031,7.415464513879485,0.45080453988784985,0.7270889130957923,0.37631092403866834,-1.0152483229559026,0.6236890759613316,1.0152483229559026,0
56,2002,NYI,7,3,0,0,21,22,6,2.1251668164484263,8.129866944783831,0.9880062535248758,0.30359525949263233,1.1614095635405473,0.14114375050355368,11.243040014757135,0.1890206575498284,0.46530503075777074,0.7231021978141957,-0.6684570491803753,0.2768978021858042,0.6684570491803752,0
57,2002,STL,10,5,0,0,24,19,10,6.038978414410482,7.90741690339106,1.6996331661930375,0.6038978414410482,0.790741690339106,0.16996331661930375,15.64602848399458,0.3859751642781538,0.6622595374860962,0.505394510273333,-0.886164736721238,0.4946054897266669,0.8861647367212379,0
58,2002,MTL,12,6,1,1,32,39,12,1.8952203258757185,12.480181739161877,2.095427466672962,0.1579350271563099,1.0400151449301565,0.17461895555608017,16.470829531710557,0.11506526263458286,0.39134963584252525,0.7577142192586194,-0.6338450277359516,0.2422857807413806,0.6338450277359515,0
59,2002,OTT,12,7,1,2,29,18,15,8.304135843461356,8.677558775048192,2.893782762425133,0.6920113202884464,0.7231298979206827,0.24114856353542777,19.875477380934683,0.4178081202430388,0.6940924934509811,0.4365962441421426,-0.9549630028524284,0.5634037558578573,0.9549630028524283,0
60,2002,SJS,12,7,0,1,34,32,15,4.305783111329934,13.220061179202004,1.2851903136244343,0.35881525927749447,1.1016717649335004,0.10709919280203618,18.81103460415637,0.2288966663417096,0.505181039549652,0.7027822476218816,-0.6887769993726894,0.2972177523781186,0.6887769993726895,0
61,2002,TOR,20,10,1,3,44,49,22,8.38155780915944,13.889230626603029,2.8903994150289707,0.41907789045797206,0.6944615313301514,0.14451997075144854,25.16118785079144,0.3331145516206541,0.6093989248285965,0.5520101319924825,-0.8395491150020885,0.4479898680075176,0.8395491150020886,0
62,2002,COL,21,11,3,2,54,56,21,7.778600940477728,20.388648705508835,2.6758837211380273,0.3704095685941775,0.9708880335956588,0.12742303433990607,30.84313336712459,0.2521987908261249,0.5284831640340673,0.6610433662113236,-0.7305158807832474,0.3389566337886764,0.7305158807832474,0
63,2002,CAR,23,13,7,2,47,43,21,13.733662047439738,9.052092835986187,5.155097472278088,0.5971157411930321,0.39356925373852986,0.22413467270774295,27.94085235570401,0.49152623809044493,0.7678106112983873,0.3239733963999219,-1.0675858505946492,0.6760266036000783,1.0675858505946492,0
64,2002,DET,23,16,2,4,72,47,34,12.91836976767229,30.15993255866438,3.149357384039003,0.5616682507683605,1.3113014155941034,0.13692858191473925,46.22765971037567,0.2794510872626502,0.5557354604705926,0.652421791360878,-0.739137455633693,0.3475782086391221,0.739137455633693,1
65,2003,DET,4,0,0,2,6,10,2,1.5150020028270843,-0.1584348552442152,0.6422143690255583,0.3787505007067711,-0.0396087138110538,0.16055359225638957,1.9987815166084273,0.757962783945376,0.3988051436439458,-0.07926571960353658,-0.5755607922640651,1.0792657196035367,0.5755607922640652,0
66,2003,NYI,5,1,0,1,7,13,3,2.0528149736954524,0.1747324580801256,0.664777872417942,0.41056299473909047,0.03494649161602512,0.13295557448358838,2.8923253041935197,0.709745536132855,0.3505878958314248,0.06041245008878662,-0.43588262257174193,0.9395875499112134,0.43588262257174193,0
67,2003,BOS,5,1,0,0,8,13,2,2.2863798233267847,1.4529165650640574,0.7366870546174652,0.4572759646653569,0.2905833130128115,0.14733741092349303,4.475983443008308,0.5108106078672421,0.15165296756581192,0.32460275681617634,-0.17169231584435218,0.6753972431838235,0.17169231584435207,0
68,2003,EDM,6,2,0,0,11,20,4,0.9815402163658322,2.0214098410746413,0.3882979621914126,0.16359003606097203,0.3369016401791069,0.0647163270319021,3.391248019631886,0.2894333327092887,-0.06972430759214143,0.5960666484352454,0.09977157577471685,0.40393335156475474,-0.09977157577471674,0
69,2003,WSH,6,2,0,2,15,14,6,2.4365790029904306,5.2056429165750355,1.2621151009079916,0.4060965004984051,0.8676071527625059,0.2103525168179986,8.904337020473458,0.2736395755672862,-0.08551806473414397,0.584618810429779,0.08832373776925051,0.41538118957022097,-0.08832373776925051,0
70,2003,TOR,7,3,2,1,16,24,5,0.5875774685517755,2.535370884006942,1.4505607395932876,0.08393963836453935,0.3621958405724203,0.2072229627990411,4.573509092152006,0.12847410089553327,-0.2306835394058969,0.55436008389216,0.058065011231631436,0.44563991610783993,-0.05806501123163155,0
71,2003,COL,7,3,0,2,17,16,8,3.1401217345288974,5.164659949908009,0.8006586252707624,0.4485888192184139,0.7378085642725727,0.11437980361010891,9.105440309707667,0.34486215138669246,-0.014295488914737697,0.5672059531708491,0.07091088051032057,0.432794046829151,-0.07091088051032046,0
72,2003,STL,7,3,0,0,21,17,6,2.7279116660374996,9.691250556245885,0.7741263161052652,0.3897016665767857,1.3844643651779835,0.1105894737293236,13.19328853838865,0.20676510318864522,-0.15239253711278494,0.7345591304281076,0.23826405776757908,0.26544086957189245,-0.23826405776757903,0
73,2003,TBL,11,5,2,2,22,29,10,3.858398219173174,5.119144820535978,1.9645821010629934,0.35076347447028855,0.4653768018669071,0.17859837282390847,10.942125140772145,0.3526187252964374,-0.0065389150049927625,0.467838263104962,-0.02845680955556651,0.5321617368950381,0.02845680955556662,0
74,2003,DAL,12,6,0,2,34,25,14,6.29515679137722,14.210199729814876,1.7567921660106498,0.524596399281435,1.1841833108179063,0.14639934716755415,22.26214868720275,0.2827739981359459,-0.07638364216548427,0.6383121382161784,0.14201706555564986,0.36168786178382145,-0.14201706555565002,0
75,2003,PHI,13,6,1,3,34,33,14,5.213005605042098,8.05619316701343,1.5861916261968474,0.40100043115708445,0.6197071666933407,0.12201474047668057,14.855390398252375,0.35091676928634397,-0.008240871015086193,0.5423077382039841,0.04601266554345562,0.4576922617960158,-0.04601266554345568,0
76,2003,VAN,14,7,2,0,34,47,12,1.9483131765109258,12.499298672395565,-0.16169251748556904,0.13916522689363756,0.8928070480282546,-0.011549465534683502,14.28591933142092,0.1363799648669261,-0.22277767543450405,0.8749383489030487,0.37864327624252014,0.12506165109695144,-0.37864327624252003,0
77,2003,MIN,18,8,2,3,43,43,17,7.2987491714732675,15.817075226582492,2.6707680407418497,0.4054860650818482,0.8787264014768051,0.14837600226343609,25.786592438797612,0.2830443451881538,-0.07611329511327636,0.6133836901530529,0.11708861749252442,0.38661630984694695,-0.11708861749252453,0
78,2003,OTT,18,11,4,0,43,34,18,10.39899308070351,15.223810384335685,2.803679452818592,0.5777218378168617,0.8457672435742047,0.1557599696010329,28.42648291785779,0.36582060154092305,0.006662961239492893,0.5355502623496184,0.03925518968908992,0.46444973765038156,-0.03925518968908992,0
79,2003,MDA,21,15,7,0,45,40,23,11.316440922844173,12.141778416151462,6.059157760198404,0.5388781391830558,0.5781799245786411,0.2885313219142097,29.517377099194036,0.38338233389826376,0.024224693596833602,0.41134340545735654,-0.08495166720317199,0.5886565945426435,0.08495166720317204,0
80,2003,NJD,24,16,2,4,63,41,34,15.101521978604469,21.00486948032735,4.72041507257,0.6292300824418529,0.8752028950136396,0.19668396135708333,40.826806531501816,0.3698923149169698,0.010734674615539619,0.5144872025226874,0.0181921298621589,0.48551279747731274,-0.018192129862158735,1
81,2004,NYI,5,1,0,1,5,12,3,2.1781728534418,-0.6377721664208515,0.4683177764596305,0.43563457068836,-0.12755443328417032,0.0936635552919261,2.008718463480579,1.084359452577342,0.396137181885595,-0.3175020183344961,0.03615735727767422,1.317502018334496,-0.03615735727767433,0
82,2004,STL,5,1,0,1,9,12,3,1.8453015962421104,0.3913333511093047,0.29677018190236715,0.3690603192484221,0.07826667022186093,0.05935403638047343,2.533405129253782,0.728387881959348,0.0401656112676011,0.15446931349056375,0.5081286891027341,0.8455306865094362,-0.5081286891027342,0
83,2004,NJD,5,1,0,0,9,14,2,1.4318114526653802,-0.48280287500100244,0.4177159534575289,0.28636229053307605,-0.09656057500020049,0.08354319069150577,1.3667245311219065,1.0476225604072869,0.35940028971553994,-0.3532554395615354,4.039360506349343e-4,1.3532554395615355,-4.039360506349343e-4,0
84,2004,DAL,5,1,1,1,10,19,2,-0.19428658276982227,0.5682817450339145,-0.42462763163866046,-0.038857316553964454,0.1136563490067829,-0.08492552632773209,-0.05063246937456822,3.837193507836474,3.148971237144727,-11.223662445334973,-10.870003069722802,12.223662445334973,10.870003069722802,0
85,2004,NSH,6,2,0,0,9,12,4,2.5872102493968354,1.5525764009704446,1.5283211971125772,0.4312017082328059,0.2587627334950741,0.25472019951876285,5.668107847479857,0.45645042737624614,-0.23177184331550077,0.2739144071968828,0.6275737828090531,0.7260855928031171,-0.6275737828090533,0
86,2004,OTT,7,3,1,0,11,14,5,3.616711499020503,1.1865976186084672,0.6156336634633286,0.5166730712886433,0.1695139455154953,0.08794766620904694,5.418942781092299,0.6674201306645797,-0.020802140027167182,0.2189721623835423,0.5726315379957126,0.7810278376164577,-0.5726315379957128,0
87,2004,BOS,7,3,2,0,14,19,4,2.66174375548978,3.610477620801431,1.2269905111367156,0.3802491079271114,0.5157825172573473,0.1752843587338165,7.499211887427927,0.35493646471732143,-0.3332858059744255,0.4814476074284853,0.8351069830406557,0.5185523925715145,-0.8351069830406559,0
88,2004,VAN,7,3,1,1,16,19,6,2.0898787811284496,6.207970166175631,0.8685009343320607,0.2985541115897785,0.886852880882233,0.12407156204743723,9.16634988163614,0.227994655246066,-0.4602276154456809,0.6772565139164799,1.03091588952865,0.32274348608352016,-1.0309158895286503,0
89,2004,MTL,11,4,0,3,24,28,11,3.524140700553172,4.895020158677715,1.8338577768074948,0.32037642732301563,0.445001832607065,0.16671434334613588,10.253018636038382,0.3437173797935131,-0.34450489089823383,0.47742234091647767,0.8310817165286479,0.5225776590835224,-0.831081716528648,0
90,2004,DET,12,6,0,2,24,20,14,7.472514396269977,7.391300362426965,1.818534311188255,0.6227095330224981,0.6159416968689138,0.1515445259323546,16.6823490698852,0.44792938722036946,-0.24029288347137745,0.4430611259519598,0.7967205015641301,0.5569388740480402,-0.7967205015641302,0
91,2004,COL,11,6,3,1,26,24,10,4.985264249690903,10.90922343179165,1.765723158220294,0.4532058408809912,0.9917475847083318,0.1605202871109358,17.66021083970285,0.2822879236800089,-0.40593434701173803,0.6177289462063529,0.9713883218185232,0.3822710537936471,-0.9713883218185233,0
92,2004,TOR,13,6,0,2,27,28,14,5.474794082011118,8.896496710915258,2.493607117517123,0.42113800630854753,0.6843459008396352,0.19181593211670178,16.8648979104435,0.3246265771120311,-0.36359569357971583,0.5275155982655637,0.881174973877734,0.4724844017344363,-0.8811749738777341,0
93,2004,SJS,17,10,1,3,38,32,22,9.537824864009622,14.605690303203227,3.335879780542423,0.5610485214123306,0.8591582531296016,0.1962282223848484,27.47939494775527,0.34709006083078786,-0.34113220986095905,0.5315142611754023,0.8851736367875727,0.4684857388245977,-0.8851736367875727,0
94,2004,PHI,18,11,2,0,50,43,20,6.510298309283108,22.59637023419289,2.5396484364457286,0.3616832394046171,1.255353901899605,0.14109157980254047,31.646316979921725,0.20572056816006812,-0.4825017025316788,0.7140284365011369,1.067687812113307,0.28597156349886316,-1.0676878121133073,0
95,2004,CGY,26,15,5,2,60,53,27,13.105766074673388,18.053669722692558,4.582612417230096,0.5040679259489764,0.6943719124112522,0.17625432373961908,35.74204821459604,0.3666764141771082,-0.3215458565146387,0.5051101048909656,0.858769480503136,0.4948898951090344,-0.8587694805031361,0
96,2004,TBL,23,16,3,2,60,43,31,12.471249252669393,26.458287077091036,4.202242306979511,0.5422282283769302,1.1503603076996103,0.18270618725997875,43.131778636739945,0.28914293930940044,-0.39907933138234647,0.6134290751124667,0.967088450724637,0.3865709248875332,-0.9670884507246372,1
97,2006,NYR,4,0,0,0,4,17,0,0.23352611802193649,-1.9438459894892692,-0.16029349849392477,0.05838152950548412,-0.4859614973723173,-0.04007337462348119,-1.8706133699612575,-0.12483932905214565,-0.39940738043921187,1.0391489875481477,0.4659075354527321,-0.039148987548147614,-0.465907535452732,0
98,2006,NSH,5,1,0,0,10,17,2,1.2399863410696785,-0.14785746616907483,0.8840072166639337,0.2479972682139357,-0.029571493233814965,0.17680144333278675,1.9761360915645374,0.6274802359831211,0.3529121845960549,-0.07482149979458844,-0.648062951890004,1.0748214997945884,0.6480629518900041,0
99,2006,TBL,5,1,0,0,13,23,2,0.0890440093607725,1.5128476946818619,0.11071091429300392,0.0178088018721545,0.3025695389363724,0.022142182858600784,1.7126026183356382,0.051993386210811884,-0.2225746651762543,0.8833617784329301,0.3101203263375145,0.11663822156707002,-0.3101203263375144,0
100,2006,DAL,5,1,0,3,15,18,5,1.1521744893068402,5.125069992336345,0.23369478093571938,0.23043489786136803,1.025013998467269,0.046738956187143875,6.510939262578905,0.17695979686508054,-0.09760825452198565,0.7871475659114606,0.21390611381604507,0.21285243408853938,-0.21390611381604502,0
101,2006,PHI,6,2,0,1,14,27,5,-0.03835912428378657,0.7515426178398429,0.36612874924175576,-0.006393187380631095,0.12525710297330714,0.06102145820695929,1.0793122427978121,-0.03554034019326176,-0.31010839158032794,0.6963162169750626,0.12307476487964708,0.30368378302493726,-0.12307476487964714,0
102,2006,DET,6,2,1,1,17,19,4,2.411223072176962,4.834692388789678,0.529839759861082,0.40187051202949364,0.8057820647982797,0.08830662664351367,7.7757552208277225,0.3100950330481583,0.03552698166109208,0.6217649927867752,0.04852354069135967,0.3782350072132248,-0.04852354069135961,0
103,2006,MTL,6,2,1,2,17,15,5,2.8249252063062427,4.502904982506223,1.7326213308132288,0.4708208677177071,0.7504841637510372,0.2887702218022048,9.060451519625694,0.31178636077763,0.03721830939056381,0.4969846119426339,-0.07625684015278167,0.5030153880573661,0.07625684015278172,0
104,2006,CGY,7,3,1,1,16,17,6,3.9209591716896717,2.4634989729961885,1.471973341039439,0.5601370245270959,0.3519284247137412,0.210281905862777,7.856431485725299,0.499076352770827,0.22450830138376082,0.3135646224971515,-0.25967682959826405,0.6864353775028486,0.25967682959826416,0
105,2006,COL,9,4,3,1,22,31,6,2.7620446463290684,3.8189544429809623,1.574942909731822,0.30689384959211874,0.42432827144232915,0.1749936566368691,8.155941999041852,0.3386542776608207,0.06408622627375449,0.468241981542979,-0.10499947055243652,0.5317580184570211,0.10499947055243669,0
106,2006,NJD,9,5,0,1,27,21,11,5.0270453457401665,8.417890643063394,2.0192123214383346,0.5585605939711296,0.9353211825625993,0.2243569246042594,15.464148310241896,0.3250774142156123,0.05050936282854612,0.5443488043559587,-0.028892647739456878,0.45565119564404133,0.028892647739456934,0
107,2006,OTT,10,5,0,3,36,29,13,3.9634827452543773,10.92487413881319,1.4658368648645839,0.39634827452543775,1.092487413881319,0.1465836864864584,16.35419374893215,0.24235268372757132,-0.03221536765949487,0.6680166755103125,0.09477522341489697,0.3319833244896875,-0.09477522341489691,0
108,2006,SJS,11,6,0,1,29,29,13,5.209355921479233,8.638030905181507,1.871087888657185,0.4735778110435666,0.7852755368346824,0.17009889896883498,15.718474715317925,0.33141612120943426,0.056848069822368064,0.5495463816704554,-0.023695070424960107,0.45045361832954456,0.023695070424960163,0
109,2006,MDA,16,9,2,1,46,36,17,9.898148785276733,13.394546712075245,2.9370077711911406,0.6186342990797958,0.8371591695047028,0.1835629856994463,26.22970326854312,0.3773641159390252,0.102796064551959,0.5106632955371294,-0.06257815655828614,0.48933670446287053,0.06257815655828614,0
110,2006,BUF,18,11,5,1,60,49,18,8.185982494078228,16.337215739044783,3.1066474847114502,0.4547768052265682,0.9076230966135991,0.1725915269284139,27.629845717834463,0.2962731886987829,0.021705137311716693,0.5912887066357908,0.018047254540375257,0.40871129336420914,-0.018047254540375257,0
111,2006,EDM,24,15,3,1,70,61,28,12.067115483303109,19.525160217388972,5.632475529209004,0.5027964784709629,0.8135483423912072,0.2346864803837085,37.22475122990109,0.32416913705551104,0.049601085668444844,0.5245209053729075,-0.04872054672250803,0.47547909462709237,0.048720546722507974,0
112,2006,CAR,25,16,4,3,73,60,31,13.377139865412312,21.660021309763987,4.21842077941012,0.5350855946164925,0.8664008523905595,0.16873683117640478,39.25558195458642,0.34077038727608,0.06620233588901381,0.5517692066015427,-0.021472245493872832,0.44823079339845723,0.021472245493872832,1
113,2007,ATL,4,0,0,0,6,17,0,-0.08256763245740777,-1.5331136702488264,0.2761930208492377,-0.02064190811435194,-0.3832784175622066,0.06904825521230942,-1.3394882818569966,0.06164117564577744,-0.25607752282686674,1.14455175981338,0.5983469740740185,-0.1445517598133802,-0.5983469740740186,0
114,2007,MIN,5,1,0,0,9,12,2,2.4068518784164983,0.7183619872727999,0.936207525404177,0.48137037568329966,0.14367239745455998,0.1872415050808354,4.061421391093475,0.5926131880071894,0.27489448953454526,0.1768745269447138,-0.36933025879464776,0.8231254730552863,0.36933025879464787,0
115,2007,PIT,5,1,0,0,10,18,2,0.4450240975541592,2.503140493581129,0.17287351349517405,0.08900481951083185,0.5006280987162258,0.03457470269903481,3.121038104630462,0.14258848582909278,-0.1751302126435514,0.8020217663691441,0.25581698062978253,0.1979782336308559,-0.25581698062978253,0
116,2007,NYI,5,1,0,0,11,17,2,0.701391706690972,3.2455689229529603,0.46871342053030735,0.1402783413381944,0.6491137845905921,0.09374268410606147,4.41567405017424,0.15884136798170043,-0.15887733049094374,0.7350109827116637,0.18880619697230205,0.2649890172883362,-0.18880619697230222,0
117,2007,NSH,5,1,0,1,14,16,3,1.017519670039438,3.3637410178965164,0.6070177447537627,0.2035039340078876,0.6727482035793033,0.12140354895075253,4.988278432689717,0.20398213206610918,-0.11373656640653498,0.6743290422308608,0.12812425649149917,0.32567095776913924,-0.12812425649149917,0
118,2007,CGY,6,2,0,1,10,18,5,1.3350044379537531,1.3445443370948036,1.811243574736628,0.22250073965895886,0.22409072284913392,0.30187392912277133,4.490792349785185,0.2972759223698269,-0.02044277610281725,0.29940024663111386,-0.24680453910824773,0.7005997533688861,0.24680453910824773,0
119,2007,TBL,6,2,0,1,14,19,5,1.6025706478274402,3.1046798934886994,0.4406840042750275,0.26709510797124003,0.5174466489147832,0.07344733404583792,5.147934545591167,0.311303617719834,-0.006415080752810165,0.6030923404314906,0.05688755469212903,0.3969076595685093,-0.05688755469212908,0
120,2007,DAL,7,3,1,2,12,13,7,4.825627445806543,0.4050397394204027,2.259506421022275,0.6893753494009347,0.05786281991720039,0.3227866315746107,7.49017360624922,0.644261094533298,0.3265423960606539,0.05407614839293831,-0.4921286373464233,0.9459238516070617,0.4921286373464233,0
121,2007,VAN,12,5,3,3,21,26,10,5.884398522833399,0.4632876301146629,3.713738612652045,0.4903665435694499,0.03860730250955524,0.30947821772100376,10.061424765600107,0.5848474405883437,0.26712874211569954,0.04604592698428138,-0.5001588587550803,0.9539540730157187,0.5001588587550803,0
122,2007,NJD,11,5,2,0,30,29,8,4.2869157038671615,10.153700769107727,1.7987599029636803,0.38971960944246925,0.9230637062825207,0.16352362754215274,16.23937637593857,0.26398277893349187,-0.0537359195391523,0.6252518898541068,0.07904710411474525,0.37474811014589315,-0.07904710411474525,0
123,2007,SJS,11,6,1,1,25,27,12,4.971597069689865,7.95177052759523,1.9020794103177436,0.45196336997180586,0.7228882297813846,0.17291631002888577,14.825447007602838,0.3353421362027271,0.017623437730082958,0.5363595798168768,-0.009845205922484834,0.46364042018312335,0.009845205922484945,0
124,2007,NYR,10,6,1,1,30,23,12,4.967593590247803,12.724790689025184,1.8881686090895222,0.49675935902478024,1.2724790689025185,0.18881686090895222,19.580552888362508,0.2537003739664695,-0.06401832450617467,0.6498688143064656,0.103664028567104,0.3501311856935344,-0.103664028567104,0
125,2007,BUF,16,9,1,3,44,39,20,6.9979360743684635,16.05381040131976,3.046560893684158,0.43737100464802897,1.003363150082485,0.19041005585525989,26.09830736937238,0.2681375452946377,-0.04958115317800649,0.6151284132763214,0.0689236275369598,0.38487158672367855,-0.06892362753695985,0
126,2007,DET,18,10,2,2,48,35,20,11.229499638141322,16.373520849660263,2.8278538348007536,0.6238610910078513,0.9096400472033479,0.1571029908222641,30.43087432260234,0.36901666114143433,0.051297962668790165,0.5380562081812725,-0.008148577558089065,0.4619437918187275,0.00814857755808912,0
127,2007,OTT,20,13,2,1,59,47,25,9.770225499980146,22.824329932692166,2.195660932702258,0.4885112749990073,1.1412164966346083,0.10978304663511289,34.79021636537457,0.280832559285377,-0.036886139187267186,0.656055992667191,0.10985120692782935,0.343944007332809,-0.1098512069278294,0
128,2007,ANA,21,16,4,1,58,45,29,11.17378186229495,20.67707905560227,3.606525777393253,0.5320848505854738,0.9846228121715367,0.17173932273301204,35.457386695290474,0.31513269599699734,-0.0025860024756468314,0.5831529332179646,0.03694814747860298,0.4168470667820354,-0.03694814747860298,1
129,2008,OTT,4,0,0,0,5,16,0,0.6876626478767759,-1.9916548181154503,0.8214612050960738,0.17191566196919397,-0.4979137045288626,0.20536530127401845,-0.4825309651426005,-1.425116101457973,-1.6797056118049878,4.127517117014167,3.411721899989944,-3.1275171170141673,-3.411721899989944,0
130,2008,NJD,5,1,1,0,12,19,1,1.3873723894431478,0.7386028873445802,0.4300557062861555,0.27747447788862956,0.14772057746891604,0.08601114125723111,2.556030983073884,0.542783870238808,0.2881943598917933,0.28896476303911467,-0.426830453985109,0.7110352369608851,0.42683045398510877,0
131,2008,MIN,6,2,2,1,12,17,3,2.2608935919047153,0.12423055657706009,0.8205751291882749,0.3768155986507859,0.02070509276284335,0.13676252153137916,3.2056992776700506,0.7052731388915451,0.45068362854453037,0.038753028845348425,-0.6770421881788753,0.9612469711546515,0.6770421881788752,0
132,2008,NSH,6,2,0,1,12,17,5,2.3713704096710853,2.0863461552984086,1.900791680459009,0.3952284016118475,0.34772435921640144,0.31679861340983484,6.358508245428503,0.37294445774698803,0.11835494739997332,0.328118809439054,-0.38767640758516964,0.671881190560946,0.38767640758516964,0
133,2008,ANA,6,2,0,0,13,20,4,1.6880411931188946,1.6721566586732748,0.6929696079165422,0.2813401988531491,0.2786927764455458,0.11549493465275702,4.053167459708712,0.41647457448999864,0.16188506414298393,0.41255553225857766,-0.303239684765646,0.5874444677414222,0.3032396847656459,0
134,2008,BOS,7,3,1,1,15,19,6,2.8124746581830276,2.7671427213314272,1.1912584543775582,0.4017820940261468,0.39530610304734676,0.17017977919679403,6.7708758338920125,0.4153782652614928,0.16078875491447808,0.4086831289211262,-0.3071120881030975,0.5913168710788738,0.3071120881030974,0
135,2008,CGY,7,3,0,0,17,19,6,2.724311149333909,4.845202494430337,1.308502888838974,0.38918730704770127,0.6921717849186196,0.18692898411985343,8.87801653260322,0.3068603374784529,0.05227082713143821,0.5457528127636435,-0.17004240426058015,0.4542471872363564,0.17004240426058004,0
136,2008,WSH,7,3,0,2,20,23,8,1.9426417414448893,5.553195648794602,1.1757168241620826,0.2775202487778413,0.7933136641135146,0.16795954630886895,8.671554214401574,0.22402463196488837,-0.030564878382126348,0.6403921963114693,-0.0754030207127544,0.3596078036885306,0.07540302071275429,0
137,2008,COL,10,4,1,2,26,33,9,2.345356143890268,7.478747203597541,1.5877085845510008,0.2345356143890268,0.7478747203597541,0.15877085845510008,11.411811932038809,0.20552004868794327,-0.049069461659071445,0.6553514243080769,-0.06044379271614675,0.34464857569192314,0.060443792716146805,0
138,2008,NYR,10,5,0,2,31,27,12,4.455895562523131,11.364566979307247,1.404139073771957,0.4455895562523131,1.1364566979307247,0.1404139073771957,17.224601615602335,0.25869367907394186,0.004104168726927149,0.6597869276124814,-0.056008289411742296,0.3402130723875187,0.05600828941174235,0
139,2008,MTL,12,5,2,1,33,35,9,4.974240489656417,10.959943591932566,1.294597498397462,0.4145200408047014,0.9133286326610471,0.10788312486645517,17.228781579986446,0.2887169047075661,0.0341273943605514,0.6361415368260295,-0.07965368019819419,0.3638584631739704,0.07965368019819408,0
140,2008,SJS,13,6,1,3,30,32,14,6.9458339207400845,6.2070301294936945,1.5394474541306096,0.5342949169800065,0.47746385611489955,0.1184190349331238,14.692311504364389,0.4727529714216042,0.2181634610745895,0.42246790967165926,-0.2933273073525644,0.5775320903283409,0.2933273073525645,0
141,2008,PHI,17,9,2,1,52,54,17,5.2243813698396995,16.545117587793307,2.309989301082897,0.30731655116704115,0.9732422110466651,0.1358817235931116,24.0794882587159,0.21696397006895124,-0.037625540278063474,0.6871042029643041,-0.028691014059919584,0.31289579703569603,0.028691014059919695,0
142,2008,DAL,18,10,3,1,45,41,18,9.98641751999723,11.131596284974945,3.178211308867032,0.5548009733331795,0.6184220158319413,0.17656729493705733,24.296225113839206,0.411027535067945,0.15643802472093027,0.45816155525470303,-0.25763366176952063,0.5418384447452971,0.25763366176952074,0
143,2008,PIT,20,14,2,0,61,43,26,11.642318636348165,20.880044690137463,4.521341761768153,0.5821159318174083,1.0440022345068731,0.22606708808840764,37.04370508825379,0.3142860199489018,0.059696509601887104,0.5636597268116771,-0.15213549021254658,0.4363402731883227,0.15213549021254635,0
144,2008,DET,22,16,1,1,72,41,32,15.479848742936289,25.854778154027763,3.295455743328448,0.7036294883152858,1.1752171888194438,0.14979344287856583,44.6300826402925,0.34684786196118134,0.09225835161416662,0.579312800346146,-0.1364824166780777,0.42068719965385404,0.1364824166780777,1
145,2009,STL,4,0,0,1,5,11,1,1.9466746876759569,-1.1253883384849612,0.618417790147883,0.4866686719189892,-0.2813470846212403,0.15460444753697075,1.4397041393388785,1.3521352300687852,0.8649986768088611,-0.7816802825903848,-1.1017089886846594,1.7816802825903848,1.1017089886846594,0
146,2009,MTL,4,0,0,0,6,17,0,0.5734240117892617,-0.3288607437721636,0.22798255444790255,0.14335600294731543,-0.0822151859430409,0.05699563861197564,0.47254582246500065,1.213478110541825,0.726341557281901,-0.695934083295215,-1.0159627893894894,1.695934083295215,1.0159627893894894,0
147,2009,CBJ,4,0,0,0,7,18,0,0.08827087231718425,0.09784730226387539,0.17433057041993041,0.022067718079296063,0.024461825565968848,0.043582642604982604,0.36044874500099006,0.24489160675796443,-0.24224494650195968,0.271459683577499,-0.04856902251677547,0.7285403164225009,0.04856902251677542,0
148,2009,SJS,6,2,1,0,10,18,3,2.5107821435462343,0.3823794513295785,0.39599999799186636,0.41846369059103905,0.06372990855492976,0.06599999966531106,3.289161592867679,0.7633501950742381,0.27621364181431396,0.11625438292808177,-0.2037743231661927,0.8837456170719182,0.2037743231661927,0
149,2009,PHI,6,2,0,1,16,18,5,2.5674403206457854,4.189754654238469,1.0947614423332828,0.4279067201076309,0.6982924423730782,0.18246024038888045,7.851956417217538,0.32698096935637316,-0.16015558390355095,0.5335937225850234,0.21356501649074888,0.4664062774149765,-0.21356501649074905,0
150,2009,CGY,6,2,0,1,16,21,5,1.5987678410778403,4.122559242687953,0.35015787000802356,0.2664613068463067,0.6870932071146588,0.05835964500133726,6.071484953773816,0.26332402258266385,-0.22381253067726026,0.6790034520509713,0.3589747459566969,0.3209965479490288,-0.3589747459566967,0
151,2009,NYR,7,3,0,0,11,19,6,2.9669893083485626,-0.03463465632082928,1.0350649751261933,0.4238556154783661,-0.004947808045832754,0.14786642501802763,3.9674196271539266,0.7478385417165883,0.26070198845666415,-0.0087297688612976,-0.3287584749555721,1.0087297688612975,0.328758474955572,0
152,2009,NJD,7,3,1,1,15,17,6,3.3179547519111945,2.4398736427426804,1.5597644927445282,0.4739935359873135,0.34855337753466864,0.22282349896350404,7.317592887398403,0.45342161048956836,-0.03371494277035575,0.3334257152983158,0.0133970092040413,0.6665742847016842,-0.0133970092040413,0
153,2009,VAN,10,6,1,1,30,28,12,4.59241713841653,9.732939236846278,1.533072822578967,0.459241713841653,0.9732939236846277,0.1533072822578967,15.858429197841774,0.28958840003154457,-0.19754815322837954,0.6137391740016007,0.29371046790732624,0.3862608259983993,-0.29371046790732624,0
154,2009,BOS,11,7,0,2,34,22,16,7.126052973133404,11.231707833735218,2.311429556529835,0.6478229975575821,1.0210643485213835,0.21012995968453047,20.669190363398457,0.3447669138386961,-0.142369639421228,0.5434033765359586,0.22337467044168413,0.45659662346404145,-0.22337467044168408,0
155,2009,ANA,13,7,1,1,35,32,14,6.169031225021025,9.456354116937005,4.252054056065205,0.47454086346315577,0.7274118551490004,0.327081081235785,19.877439398023235,0.310353416327584,-0.1767831369323401,0.47573301206378815,0.15570430596951368,0.524266987936212,-0.15570430596951357,0
156,2009,WSH,14,7,1,2,41,38,15,5.942529459922147,13.066148360831168,1.9315865580199254,0.4244663899944391,0.9332963114879406,0.13797046842999466,20.94026437877324,0.28378483444296815,-0.20335171881695596,0.6239724639807357,0.3039437578864612,0.37602753601926436,-0.30394375788646116,0
157,2009,CAR,18,8,3,1,42,52,14,7.507272768867016,9.614723290870632,2.9318813632395786,0.41707070938150087,0.5341512939372574,0.16288229795775436,20.053877422977227,0.3743551738411132,-0.11278137941881089,0.4794446025612147,0.1594158964669402,0.5205553974387853,-0.1594158964669402,0
158,2009,CHI,17,9,3,2,54,54,17,5.998875590757157,17.785047673694656,1.7560279021286833,0.352875034750421,1.046179274923215,0.10329575894874608,25.539951166580497,0.2348820305736057,-0.2522545226863184,0.696361851191271,0.37633314509699656,0.30363814880872897,-0.37633314509699656,0
159,2009,DET,23,15,2,2,76,48,30,14.306190736132242,25.968260231027585,4.107734824350478,0.6220082928753149,1.1290547926533734,0.17859716627610775,44.38218579151031,0.3223408329489896,-0.16479572031093453,0.5851054824793003,0.2650767763850258,0.4148945175206996,-0.2650767763850259,0
160,2009,PIT,24,16,3,1,79,64,30,11.045839979836032,26.939339178391727,3.1243453831968626,0.460243332493168,1.1224724657663219,0.13018105763320262,41.10952454142462,0.26869296356627836,-0.21844358969364575,0.6553065130015285,0.33527780690725406,0.3446934869984716,-0.33527780690725395,1
161,2010,NJD,5,1,0,1,9,15,3,2.1730437038219352,0.4012206303141067,0.30889742202915227,0.43460874076438705,0.08024412606282134,0.061779484405830455,2.883161756165194,0.7537016260621585,0.37864524551669937,0.13915994461849346,-0.34693019069314557,0.8608400553815068,0.3469301906931458,0
162,2010,COL,6,2,1,2,11,19,5,2.4154892119177225,-0.7937280941184438,1.6976181139747428,0.40258153531962043,-0.1322880156864073,0.2829363523291238,3.3193792317740214,0.7276930544108934,0.35263667386543424,-0.23911943730943958,-0.7252095726210785,1.2391194373094396,0.7252095726210787,0
163,2010,NSH,6,2,0,1,15,17,5,2.957488355871032,2.836604915250581,0.9292913106212489,0.49291472597850533,0.4727674858750968,0.15488188510354148,6.723384581742861,0.4398808843840345,0.06482450383857535,0.4219013326938477,-0.06418880261779131,0.5780986673061523,0.06418880261779136,0
164,2010,BUF,6,2,0,1,15,16,5,3.124892222332689,1.94206731751185,1.3578762721554283,0.5208153703887816,0.32367788625197497,0.22631271202590472,6.424835811999968,0.48637697736900626,0.11132059682354711,0.3022750112749278,-0.18381512403671124,0.6977249887250722,0.18381512403671119,0
165,2010,LAK,6,2,1,1,18,25,4,1.3001692536292901,4.51323601503553,0.36336545004680915,0.21669487560488168,0.7522060025059217,0.06056090834113486,6.17677071871163,0.21049336503468005,-0.1645630155107791,0.7306788968810737,0.24458876156943465,0.26932110311892626,-0.2445887615694347,0
166,2010,OTT,6,2,1,1,19,24,4,1.0233268847211896,5.491116822547887,0.741687296302073,0.17055448078686494,0.9151861370913145,0.12361454938367883,7.2561310035711495,0.1410292736194472,-0.23402710692601195,0.7567554692501279,0.2706653339384889,0.24324453074987207,-0.2706653339384889,0
167,2010,PHX,7,3,0,0,18,26,6,2.0161201832560107,3.6910024774977286,1.2123829341792478,0.288017169036573,0.5272860682139612,0.17319756202560682,6.919505594932987,0.2913676642927169,-0.08368871625274227,0.5334199715367778,0.047329836225138755,0.4665800284632222,-0.047329836225138755,0
168,2010,WSH,7,3,1,1,22,20,6,3.4940148919683556,5.968444562127826,0.8404481909063829,0.4991449845669079,0.8526349374468323,0.12006402727234042,10.302907645002565,0.3391290121544602,-0.03592736839099897,0.5792971040580788,0.09320696874643974,0.42070289594192123,-0.09320696874643974,0
169,2010,DET,12,5,0,1,43,33,11,5.565679968831291,13.835341845468443,2.156213786718815,0.46380666406927423,1.152945153789037,0.17968448222656794,21.55723560101855,0.2581815253050498,-0.11687485524040936,0.6417957339954452,0.15570559868380618,0.3582042660045547,-0.1557055986838063,0
170,2010,VAN,12,6,1,1,43,41,12,4.243485886204653,13.996209567784232,1.3598989946505111,0.35362382385038776,1.1663507973153526,0.11332491622087593,19.599594448639397,0.21650886181980342,-0.15854751872565573,0.7141071007597225,0.22801696544808348,0.2858928992402775,-0.22801696544808348,0
171,2010,BOS,13,7,2,1,36,37,13,6.176569877669565,8.119802455649754,2.174958241375876,0.47512075982073576,0.624600188896135,0.1673044801058366,16.471330574695195,0.3749891272996847,-6.725324577444569e-5,0.4929657879688334,0.006875652657194364,0.5070342120311666,-0.006875652657194364,0
172,2010,PIT,13,7,1,1,42,38,14,6.025527015439418,11.146695090315912,1.1429585099531365,0.46350207811072447,0.8574380838704548,0.0879198853810105,18.315180615708467,0.328990859651773,-0.04606552089368615,0.6086041587138744,0.12251402340223538,0.3913958412861256,-0.12251402340223538,0
173,2010,SJS,15,8,3,2,41,41,15,7.5819322461043015,9.597249942446076,2.1551226915969863,0.5054621497402868,0.6398166628297385,0.14367484610646575,19.334304880147364,0.3921492028342584,0.01709282228879927,0.4963845352568438,0.010294399945204757,0.5036154647431562,-0.010294399945204757,0
174,2010,MTL,19,9,1,1,46,57,18,8.988343814359892,8.304187438731109,3.8287003430541007,0.47307072707157327,0.43706249677532155,0.20151054437126845,21.1212315961451,0.4255596447320989,0.05050326418663975,0.39316776585351826,-0.09292236945812077,0.6068322341464817,0.09292236945812071,0
175,2010,PHI,23,14,3,2,76,61,27,12.514409111224772,21.441289013635735,3.639330992781402,0.5441047439662945,0.9322299571145972,0.15823178229484358,37.59502911764191,0.33287403693889517,-0.04218234360656398,0.5703224473252013,0.0842323120135623,0.4296775526747988,-0.08423231201356218,0
176,2010,CHI,22,16,3,1,78,62,30,11.50194976796219,25.931523343987447,3.3569136100550967,0.5228158985437359,1.178705606544884,0.15258698227523168,40.79038672200473,0.2819769728183862,-0.09307940772707296,0.6357263421088983,0.1496362067972593,0.3642736578911016,-0.14963620679725936,1
177,2011,PHX,4,0,0,0,10,18,0,0.17790731829441742,2.834343836657068,0.16980425649179726,0.044476829573604354,0.708585959164267,0.042451064122949314,3.1820554114432826,0.05590956010842191,-0.32801644048460826,0.8907273664890383,0.40350959043759516,0.10927263351096182,-0.40350959043759504,0
178,2011,NYR,5,1,0,2,8,13,4,2.4422671022606526,-1.4327746629387856,0.7744789534097428,0.4884534204521305,-0.2865549325877571,0.15489579068194856,1.7839713927316097,1.3690057543585736,0.9850797537655435,-0.8031376897501293,-1.2903554658015723,1.8031376897501294,1.2903554658015726,0
179,2011,ANA,6,2,0,1,20,22,5,1.4311151577567995,6.428464939952646,0.4212769715716848,0.23851919295946658,1.0714108233254411,0.0702128285952808,8.280857069281131,0.17282210594670197,-0.2111038946463282,0.7763042987180441,0.28908652266660095,0.22369570128195587,-0.289086522666601,0
180,2011,LAK,6,2,0,3,20,20,7,1.577705315888119,6.129258873916401,1.0466195970615095,0.26295088598135313,1.0215431456527335,0.1744365995102516,8.75358378686603,0.18023535894582113,-0.20369064164720904,0.7001999436062755,0.21298216755483235,0.29980005639372453,-0.21298216755483235,0
181,2011,PIT,7,3,1,0,14,22,5,2.794067697475939,1.8185286642285918,0.28956198511048004,0.3991525282108484,0.25978980917551314,0.04136599787292572,4.902158346815011,0.5699668390539193,0.18604083846088915,0.3709648965970491,-0.116252879454394,0.6290351034029508,0.11625287945439389,0
182,2011,MTL,7,3,0,3,17,17,9,3.8219395753553327,1.494478347568498,1.611779798041093,0.5459913679079047,0.2134969067954997,0.2302542568630133,6.928197720964924,0.5516498993367401,0.16772389874370996,0.21570954059901665,-0.27150823545242647,0.7842904594009833,0.2715082354524264,0
183,2011,BUF,7,3,1,1,18,22,6,2.298385480704974,4.894665623328604,1.2247383889850347,0.32834078295785346,0.6992379461898005,0.1749626269978621,8.417789493018613,0.2730390778494955,-0.11088692274353468,0.5814668598434362,0.09424908379199304,0.41853314015656373,-0.09424908379199315,0
184,2011,CHI,7,3,1,1,22,16,6,3.8905880005669413,5.633952836933975,1.295663830534201,0.5557982857952773,0.8048504052762822,0.18509483293345727,10.820204668035117,0.3595669508970063,-0.02435904969602387,0.5206881948894841,0.03347041883804103,0.47931180511051585,-0.03347041883804103,0
185,2011,WSH,9,4,2,1,23,24,7,4.506942512849462,4.575483784588862,1.1726595148023529,0.5007713903166069,0.5083870871765401,0.13029550164470588,10.255085812240678,0.43948364697932457,0.0555576463862944,0.4461672840540712,-0.04105049199737193,0.5538327159459288,0.041050491997371874,0
186,2011,PHI,11,4,1,2,29,38,9,3.3034338455074157,8.125648404332937,0.919761573814696,0.3003121677734014,0.7386953094848124,0.08361468852860873,12.348843823655049,0.26750956548494553,-0.11641643510808464,0.6580088403715744,0.17079106432013125,0.34199115962842563,-0.17079106432013125,0
187,2011,NSH,12,6,2,1,33,34,11,5.664522998960438,8.12746753791776,1.48492177479428,0.47204358324670315,0.6772889614931467,0.12374348123285667,15.276912311672477,0.3707897828694351,-0.013136217723595078,0.5320098310512581,0.04479205499981498,0.4679901689487419,-0.04479205499981498,0
188,2011,DET,11,7,0,2,36,28,16,5.232005666643209,11.082100749639448,2.036910477127742,0.4756368787857463,1.007463704512677,0.18517367973888563,18.351016893410396,0.2851071249638461,-0.09881887562918407,0.6038957303569854,0.11667795430554229,0.3961042696430148,-0.11667795430554206,0
189,2011,SJS,18,9,5,1,51,58,14,5.879197687846825,14.821708424026614,1.8678984912312007,0.3266220937692681,0.8234282457792563,0.10377213840173337,22.568804603104642,0.26050106734665346,-0.12342493324637671,0.6567343146737904,0.16951653862234728,0.3432656853262095,-0.1695165386223474,0
190,2011,TBL,18,11,1,1,59,45,22,9.2275322905971,20.333359254447707,3.5232574778297923,0.51264068281095,1.1296310696915393,0.19573652654609958,33.0841490228746,0.27891097589413966,-0.10501502469889051,0.6145952020826979,0.1273774260312548,0.38540479791730214,-0.12737742603125474,0
191,2011,VAN,25,15,4,2,58,69,28,11.241246090045085,13.04949233440436,3.748176210513266,0.4496498436018034,0.5219796933761743,0.14992704842053065,28.03891463496271,0.40091587839238185,0.016989877799351683,0.4654064718372689,-0.02181130421417421,0.5345935281627311,0.02181130421417421,0
192,2011,BOS,25,16,4,1,81,53,29,14.92732447814324,27.47224387515088,6.159985688661086,0.5970929791257296,1.0988897550060353,0.24639942754644345,48.55955404195521,0.307402421061077,-0.07652357953195316,0.5657433314032291,0.07852555535178596,0.4342566685967708,-0.07852555535178607,1
193,2012,SJS,5,1,1,0,8,14,1,1.8037535413987,0.1016916950380293,0.6853601266019768,0.36075070827974,0.02033833900760586,0.13707202532039536,2.5908053630387062,0.6962134505091158,0.30653676888275433,0.0392509975812143,-0.4402320263426076,0.9607490024187856,0.4402320263426075,0
194,2012,VAN,5,1,0,1,8,12,3,2.2624261959026315,-0.13979377602579612,1.1275512918221868,0.4524852391805263,-0.027958755205159225,0.22551025836443736,3.250183711699022,0.6960917894453283,0.3064151078189669,-0.04301103827534703,-0.5224940621991689,1.043011038275347,0.5224940621991689,0
195,2012,DET,5,1,0,0,9,13,2,1.9525885624992767,0.3538759187926102,0.1705415542107898,0.39051771249985534,0.07077518375852204,0.03410831084215796,2.4770060355026766,0.7882857508270156,0.39860906920065414,0.1428643748624519,-0.33661864906137,0.8571356251375483,0.3366186490613702,0
196,2012,CHI,6,2,2,3,12,17,5,1.8641618912095022,2.049456047762302,0.33050547062106034,0.31069364853491704,0.3415760079603836,0.05508424510351006,4.244123409592864,0.4392336676629133,0.04955698603655184,0.4828926612100813,0.0034096372862593705,0.5171073387899188,-0.003409637286259315,0
197,2012,PIT,6,2,0,1,26,30,5,-1.486640278178182,13.007255921498905,-0.9101086705562106,-0.24777337969636368,2.167875986916484,-0.1516847784260351,10.610506972764512,-0.14011020227347776,-0.5297868838998392,1.2258844892978693,0.7464014653740474,-0.22588448929786925,-0.7464014653740474,0
198,2012,OTT,7,3,2,0,13,14,4,3.729828680255863,2.732302886498931,1.4056470763643258,0.5328326686079804,0.3903289837855616,0.2008067251949037,7.867778643119119,0.47406375413444546,0.08438707250808403,0.3472775494120575,-0.1322054745117644,0.6527224505879425,0.13220547451176445,0
199,2012,BOS,7,3,2,2,15,16,6,3.2045078420923865,3.98851461158958,1.1546742380322703,0.45778683458462666,0.5697878016556543,0.16495346257603863,8.347696691714237,0.3838792855606648,-0.005797396065696625,0.47779821894445484,-0.0016848049793670716,0.5222017810555452,0.0016848049793670716,0
200,2012,FLA,7,3,0,2,17,18,8,2.5182854735695974,5.430727469001094,1.1537561348616476,0.35975506765279963,0.7758182098572991,0.16482230498023537,9.102769077432338,0.27665048428098127,-0.11302619734538016,0.5966016959020743,0.11711867197825243,0.4033983040979257,-0.11711867197825238,0
201,2012,STL,9,4,0,1,20,23,9,4.161123229063883,5.715031424895037,0.9464515511492395,0.4623470254515426,0.6350034916550041,0.10516128346102661,10.82260620510816,0.3844843977691691,-0.005192283857192337,0.5280642496441939,0.048581225720371934,0.47193575035580615,-0.048581225720371934,0
202,2012,NSH,10,5,0,1,22,21,11,5.057027979931134,6.463038598447027,1.8731249814533755,0.5057027979931135,0.6463038598447027,0.18731249814533754,13.393191559831537,0.3775819943543571,-0.012094687272004356,0.48256149921955727,0.00307847529573535,0.5174385007804427,-0.00307847529573535,0
203,2012,PHI,11,5,2,1,41,44,9,0.03519138978228962,18.796136671955566,0.09839264996348518,0.00319921725293542,1.708739697450506,0.008944786360316835,18.929720711701343,0.0018590548861366022,-0.38781762674022485,0.9929431584448468,0.5134601345210249,0.007056841555153018,-0.513460134521025,0
204,2012,WSH,14,7,2,4,29,30,16,6.806923166271868,5.542395968806071,3.2075218054026586,0.4862087975908477,0.39588542634329077,0.2291087003859042,15.556840940480596,0.4375517621035458,0.04787508047718436,0.3562674446573631,-0.12321557926645882,0.6437325553426371,0.12321557926645899,0
205,2012,PHX,16,9,4,3,37,35,17,7.276732873194164,11.106591043781838,4.838395928644892,0.45479580457463525,0.6941619402363649,0.30239974554030574,23.221719845620896,0.31335891232734836,-0.07631776929901307,0.47828460241614257,-0.001198421507679348,0.5217153975838573,0.001198421507679237,0
206,2012,NYR,20,10,2,3,43,41,21,11.65658607811461,12.651878446095864,3.6598315568380784,0.5828293039057305,0.6325939223047932,0.18299157784190392,27.968296081048553,0.41677855684648474,0.027101875220123306,0.45236500677167946,-0.02711801715214246,0.5476349932283205,0.02711801715214246,0
207,2012,NJD,24,14,4,3,59,58,27,11.850721302162125,19.815544148362253,3.1969636189405,0.4937800542567552,0.8256476728484272,0.13320681745585417,34.86322906946488,0.33992035788049346,-0.04975632374586797,0.5683794839795201,0.08889646005569818,0.4316205160204799,-0.08889646005569818,0
208,2012,LAK,20,16,4,0,57,30,28,14.539918669303702,22.635989916960398,4.487672736931777,0.7269959334651851,1.13179949584802,0.22438363684658885,41.66358132319588,0.3489838897072613,-0.040692791919100135,0.543303988712991,0.0638209647891691,0.45669601128700893,-0.06382096478916915,1
209,2013,VAN,4,0,0,2,8,15,2,0.24516663786984808,0.3241068475144341,0.32423126850837714,0.06129165946746202,0.08102671187860852,0.08105781712709428,0.8935047538926593,0.27438761439348874,-0.06331892006330642,0.3627365675475415,-0.16567470464894413,0.6372634324524584,0.16567470464894407,0
210,2013,MIN,5,1,1,1,7,17,2,1.0779360884547413,-0.2085486713148276,0.5164525345248233,0.21558721769094827,-0.04170973426296552,0.10329050690496466,1.385839951664737,0.7778214844794112,0.4401149500226161,-0.15048539412095097,-0.6788966663174366,1.150485394120951,0.6788966663174366,0
211,2013,MTL,5,1,0,1,9,20,3,-0.03310359579756025,1.7807388823673105,-0.1332871167208517,-0.006620719159512049,0.3561477764734621,-0.026657423344170338,1.6143481698488986,-0.020505858906916412,-0.3582123933637116,1.103069905009392,0.5746586328129063,-0.10306990500939209,-0.5746586328129064,0
212,2013,STL,6,2,1,1,10,12,4,3.676387285625948,0.40395082533393195,0.7072253661109082,0.6127312142709913,0.06732513755565532,0.11787089435181804,4.787563477070788,0.7679036117710758,0.43019707731428064,0.08437503278412599,-0.44403623941235965,0.915624967215874,0.4440362394123597,0
213,2013,NYI,6,2,0,2,17,25,6,-0.3404013549592841,6.242709665824451,-0.5212650747289304,-0.05673355915988068,1.0404516109707418,-0.08687751245482173,5.381043236136237,-0.06325936068926725,-0.4009658951460624,1.1601299955929956,0.6317187233965099,-0.1601299955929956,-0.6317187233965099,0
214,2013,WSH,7,3,2,0,12,16,4,3.4368079812783603,1.271710427126705,1.031051695961334,0.4909725687540515,0.18167291816095785,0.14729309942304772,5.739570104366399,0.5987918814100374,0.2610853469532422,0.22156893356163498,-0.30684233863485066,0.7784310664383651,0.3068423386348508,0
215,2013,TOR,7,3,0,2,18,22,8,1.7689991716929336,5.0997741150598745,1.3941103519416769,0.2527141673847048,0.7285391592942678,0.19915862170595383,8.262883638694484,0.21408980799497634,-0.12361672646181882,0.6171906005281259,0.08877932833164026,0.38280939947187426,-0.0887793283316401,0
216,2013,ANA,7,3,1,3,21,18,8,2.8243527046983417,6.245879071830468,0.9843435792230971,0.4034789578140488,0.8922684388329241,0.1406205113175853,10.054575355751908,0.2809022365208709,-0.056804297935924286,0.6211976986434734,0.09278642644698776,0.3788023013565265,-0.09278642644698787,0
217,2013,NYR,12,5,1,3,26,28,12,5.65840950438162,6.187858013461291,2.644794546149967,0.471534125365135,0.5156548344551076,0.22039954551249727,14.491062063992878,0.3904758311981515,0.05276929674135633,0.4270120427430068,-0.10139922945347885,0.5729879572569933,0.1013992294534789,0
218,2013,OTT,10,5,2,0,31,31,8,2.311764747197653,13.463030474291415,1.716893186019692,0.23117647471976527,1.3463030474291415,0.1716893186019692,17.49168840750876,0.13216361355975606,-0.2055429208970391,0.7696815859418157,0.24127031374533003,0.2303184140581843,-0.24127031374533006,0
219,2013,SJS,11,7,3,0,25,22,11,6.9807692009036275,7.994321640574655,1.7557205734916579,0.6346153819003297,0.726756512779514,0.15961096122651436,16.730811414969942,0.4172403255144914,0.07953379105769626,0.47782031859026947,-0.05059095360621618,0.5221796814097304,0.050590953606216016,0
220,2013,DET,14,7,3,2,33,37,13,5.706749002627178,10.198137893611943,2.43014590830856,0.4076249287590841,0.7284384209722816,0.17358185059346856,18.33503280454768,0.31124836609028156,-0.0264581683665136,0.556210507083602,0.02779923488711633,0.44378949291639797,-0.027799234887116386,0
221,2013,PIT,15,8,2,2,49,40,16,5.581657631889978,20.05012816354714,2.264697317408161,0.3721105087926652,1.3366752109031426,0.15097982116054406,27.896483112845278,0.20008463465847548,-0.13762189979831968,0.7187331851990623,0.19032191300257661,0.28126681480093774,-0.19032191300257661,0
222,2013,LAK,18,9,1,3,37,34,20,11.024195810810012,8.479363331139844,3.4618361613843542,0.6124553228227785,0.4710757406188802,0.19232423118801967,22.965395303334212,0.48003509912191555,0.1423285646651204,0.369223486865422,-0.15918778533106365,0.6307765131345779,0.1591877853310636,0
223,2013,BOS,22,14,5,3,65,47,26,11.62084173899657,22.685780116313147,5.351248790254814,0.5282200790452986,1.0311718234687794,0.2432385813752188,39.65787064556453,0.29302737514214683,-0.04467915931464833,0.5720372714678367,0.043625999271351024,0.42796272853216333,-0.043625999271351024,0
224,2013,CHI,23,16,5,2,64,48,29,13.500510207293404,21.052976135566546,4.141245356606803,0.5869787046649306,0.9153467885028933,0.18005414593942623,38.69473169946675,0.34889788904982777,0.01119135459303261,0.544078617706417,0.01566734550993132,0.4559213822935831,-0.015667345509931263,1
225,2014,TBL,4,0,0,1,10,16,1,0.41463321816068277,1.8963813506858267,0.30225127551020425,0.10365830454017069,0.4740953376714567,0.07556281887755106,2.6132658443567136,0.15866476771051574,-0.21453404801752946,0.7256748695434174,0.22892085407794294,0.27432513045658263,-0.22892085407794288,0
226,2014,DET,5,1,0,1,6,14,3,2.5028826094482213,-1.4271739120577576,0.9689555533751961,0.5005765218896443,-0.2854347824115515,0.19379111067503924,2.04466425076566,1.2241044506505034,0.8509056349224582,-0.6979991514613354,-1.1947531669268099,1.6979991514613353,1.1947531669268097,0
227,2014,STL,6,2,2,2,14,20,4,1.990656608063588,1.9128884406250222,0.6285873724489793,0.3317761013439313,0.3188147401041704,0.10476456207482988,4.5321324211375895,0.4392317838682927,0.0660329681402475,0.4220724954335904,-0.07468152003188411,0.5779275045664096,0.07468152003188411,0
228,2014,CBJ,6,2,2,0,18,21,2,1.5505762300965993,5.070719830004599,0.99327806122449,0.25842937168276653,0.8451199716674331,0.16554634353741501,7.614574121325688,0.20363269243830617,-0.16956612328973902,0.665922972081043,0.16916895661556852,0.334077027918957,-0.16916895661556852,0
229,2014,DAL,6,2,0,1,18,20,5,1.6984486145927211,5.520384994500055,0.3187239992150705,0.28307476909878687,0.9200641657500092,0.05312066653584508,7.537557608307846,0.2253314273473283,-0.1478673883807169,0.7323837881405407,0.23562977267506624,0.2676162118594593,-0.23562977267506624,0
230,2014,PHI,7,3,0,0,16,19,6,3.187043909268009,2.704207748595329,1.1665767268445841,0.455291987038287,0.3863153926564756,0.16665381812065488,7.057828384707921,0.45156154776635316,0.07836273203830796,0.38315011377359226,-0.11360390169188223,0.6168498862264078,0.11360390169188228,0
231,2014,COL,7,3,2,2,20,22,6,2.6831892642608257,5.95944286573034,1.1652232142857142,0.38331275203726084,0.85134898081862,0.16646045918367344,9.807855344276879,0.2735755341076203,-0.09962328162042489,0.6076193680005506,0.11086535253507612,0.39238063199944945,-0.11086535253507607,0
232,2014,SJS,7,3,1,0,22,26,5,1.9640099606525865,7.609881640860582,0.7105327708006278,0.28057285152179806,1.087125948694369,0.10150468154294683,10.284424372313795,0.19096936197419112,-0.18222945375385408,0.7399423988518773,0.2431883833864028,0.2600576011481228,-0.2431883833864027,0
233,2014,MIN,13,6,2,3,35,35,13,7.055718569012713,10.228423078768227,1.0628281985871277,0.5427475822317471,0.7868017752898636,0.0817560152759329,18.34696984636807,0.3845713285678861,0.01137251283984092,0.5574993126613236,0.06074529719584909,0.4425006873386765,-0.060745297195849035,0
234,2014,BOS,12,7,2,1,30,26,13,7.317115988675487,6.929723594607211,2.2402021193092616,0.6097596657229573,0.5774769662172675,0.18668350994243846,16.48704170259196,0.4438101219532397,0.07061130622519451,0.42031334181181673,-0.07644067365365775,0.5796866581881833,0.07644067365365781,0
235,2014,PIT,13,7,0,3,35,33,17,6.599028491312411,9.218116845270275,1.906548763736264,0.5076175762548009,0.7090859111746366,0.14665759721048183,17.72369410031895,0.37232805158793936,-8.707641401058397e-4,0.5201013283739978,0.02334731290852332,0.479898671626002,-0.023347312908523488,0
236,2014,ANA,13,7,1,1,35,37,14,5.479794200336864,9.067207469899161,1.6900240384615375,0.42152263079514335,0.6974774976845508,0.13000184911242596,16.237025708697562,0.3374875607545257,-0.03571125497351951,0.5584278569591844,0.06167384149370991,0.44157214304081566,-0.06167384149370986,0
237,2014,MTL,17,10,3,2,51,46,19,7.703201211170618,15.081476812102007,2.6444843995290435,0.45312948301003636,0.8871456948295299,0.15555790585464963,25.42916242280167,0.30292783864022815,-0.07027097708781704,0.5930780008144837,0.09632398534900921,0.40692199918551625,-0.09632398534900927,0
238,2014,CHI,19,11,4,3,58,55,21,8.223141119383637,17.947710744066864,2.889378924646781,0.4327969010201914,0.9446163549508876,0.15207257498140953,29.060230788097282,0.28296888553107213,-0.09022993019697306,0.6176038612679576,0.12084984580248315,0.3823961387320424,-0.12084984580248309,0
239,2014,NYR,25,13,2,4,64,60,28,13.905751272506674,15.368922203596853,4.466176903453687,0.5562300509002669,0.6147568881438741,0.17864707613814748,33.740850379557216,0.4121339893949988,0.03893517366695359,0.45549895840528426,-0.041255057060190226,0.5445010415947156,0.04125505706019006,0
240,2014,LAK,26,16,5,2,88,70,29,11.95610567673559,28.866872146221375,3.8090566130298265,0.4598502183359842,1.1102643133162067,0.14650217742422408,44.63203443598679,0.26788170935572203,-0.10531710637232317,0.6467747327902675,0.15002071732479305,0.35322526720973246,-0.15002071732479305,1
241,2015,WPG,4,0,0,1,9,16,1,0.2488128156042761,1.6723935334462352,0.21856182844162425,0.062203203901069024,0.4180983833615588,0.05464045711040606,2.1397681774921358,0.11628026728385653,-0.24672745239205524,0.7815769722336576,0.2631207718396382,0.21842302776634226,-0.26312077183963833,0
242,2015,PIT,5,1,0,2,8,11,4,2.548430846218944,0.37569128691489934,0.81345775942886,0.5096861692437888,0.07513825738297987,0.162691551885772,3.737579892562703,0.6818398320501428,0.318832112374231,0.10051725921965603,-0.41793894117436337,0.8994827407803441,0.4179389411743635,0
243,2015,OTT,6,2,0,2,12,12,6,3.3165183209536275,1.8818770310728452,1.7760837329631503,0.5527530534922712,0.3136461718454742,0.2960139554938584,6.974479084989623,0.4755220111121119,0.11251429143620012,0.26982330983298736,-0.24863289056103205,0.7301766901670127,0.2486328905610321,0
244,2015,STL,6,2,0,0,14,17,4,3.3735211001250276,3.808924225266218,0.36436323646066204,0.5622535166875046,0.6348207042110363,0.06072720607677701,7.546808561851908,0.44701294228897215,0.08400522261306037,0.5047066179099616,-0.013749582484057776,0.49529338209003837,0.013749582484057776,0
245,2015,VAN,6,2,0,0,14,18,4,2.345949498754891,4.845272356217237,0.3500543105934952,0.3909915831258151,0.8075453927028727,0.058342385098915865,7.541276165565622,0.3110812344290983,-0.05192648524681348,0.6425003208795529,0.12404412048553348,0.3574996791204471,-0.12404412048553348,0
246,2015,NSH,6,2,0,2,21,19,6,1.3836283661622137,5.646267908840956,0.7313450998774075,0.2306047276937023,0.9410446514734927,0.12189084997956791,7.761241374880577,0.17827410582028236,-0.18473361385562942,0.7274954657530974,0.20903926535907802,0.2725045342469025,-0.20903926535907807,0
247,2015,DET,7,3,0,1,15,17,7,3.6811567407825154,3.008298276583411,1.0229479159154833,0.5258795343975022,0.429756896654773,0.14613541655935475,7.7124029332814095,0.47730347760970615,0.11429575793379437,0.39005979104147576,-0.12839640935254365,0.6099402089585243,0.1283964093525437,0
248,2015,NYI,7,3,1,1,15,16,6,3.290984836841403,3.959468293424219,1.2203736839258672,0.4701406909773433,0.5656383276320313,0.17433909770369532,8.47082681419149,0.38850810068834063,0.025500381012428852,0.46742406382229124,-0.05103213657172817,0.5325759361777087,0.051032136571728115,0
249,2015,MIN,10,4,0,0,24,27,8,4.610289434633383,6.621506289605736,1.0063944526573885,0.46102894346333834,0.6621506289605736,0.10063944526573884,12.23819017689651,0.376713334896264,0.01370561522035224,0.5410527368749296,0.0225965364809102,0.45894726312507017,-0.022596536480910423,0
250,2015,CGY,11,5,1,1,27,33,10,3.829124677398283,8.463987086176605,1.3601896589024305,0.3481022433998439,0.7694533714706004,0.12365360535476641,13.65330142247732,0.28045412306611983,-0.08255359660979195,0.6199223780588636,0.10146617766484423,0.3800776219411363,-0.10146617766484428,0
251,2015,MTL,12,6,2,1,25,29,11,5.743355629807281,6.194951908291357,1.6774176101536018,0.47861296915060675,0.5162459923576131,0.13978480084613348,13.61572514825224,0.4218178295516282,0.05881010987571644,0.454985088259259,-0.06347111213476042,0.545014911740741,0.06347111213476042,0
252,2015,WSH,14,7,1,3,28,28,16,8.335123604634791,5.829093604793187,2.957271534939066,0.5953659717596279,0.4163638289137991,0.21123368106707613,17.121488744367042,0.4868223627677845,0.12381464309187273,0.3404548337953938,-0.1780013665986256,0.6595451662046063,0.17800136659862575,0
253,2015,NYR,19,11,4,1,45,41,19,9.81127638232184,14.159476677632199,3.175833363380689,0.5163829674906232,0.745235614612221,0.1671491243884573,27.14658642333473,0.3614184203244147,-0.0015892993514970977,0.5215932661596436,0.003137065765624225,0.47840673384035637,-0.003137065765624225,0
254,2015,ANA,16,11,3,3,57,42,22,6.697486597595725,25.248195835049547,1.8835409605538334,0.41859291234973284,1.5780122396905967,0.11772131003461458,33.8292233931991,0.19797931864265506,-0.16502840103325672,0.7463427564265441,0.22788655603252472,0.253657243573456,-0.2278865560325246,0
255,2015,TBL,26,14,3,0,65,62,25,12.898210467044542,19.530398604713728,3.3273396372683353,0.4960850179632516,0.7511691771043741,0.1279746014333975,35.75594870902661,0.36072907957238404,-0.0022786401035277404,0.546213967461679,0.027757767067659644,0.4537860325383207,-0.027757767067659866,0
256,2015,CHI,23,16,4,1,69,60,29,9.238760003600076,24.023625419994872,4.23759307168097,0.4016852175478294,1.0445054530432554,0.18424317702960738,37.49997849527592,0.24636707471082775,-0.11664064496508403,0.6406303785753173,0.12217417818129794,0.35936962142468265,-0.12217417818129794,1
257,2016,DET,5,1,0,0,8,12,2,2.6717090005092947,0.2541809577235322,0.6906153715202957,0.5343418001018589,0.05083619154470644,0.13812307430405915,3.6165053297531227,0.7387543379319937,0.29517438001165064,0.07028358444058581,-0.34540249787629984,0.9297164155594142,0.34540249787629984,0
258,2016,NYR,5,1,0,0,10,21,2,0.4787220862049992,2.1919847385386806,0.0789408728564521,0.09574441724099983,0.43839694770773613,0.01578817457129042,2.749647697600132,0.17410306295705577,-0.2694768949632873,0.7971874871285604,0.3815014048116747,0.2028125128714397,-0.38150140481167466,0
259,2016,LAK,5,1,1,0,11,16,1,1.6347305249509414,2.8968825710000865,0.2286845876983784,0.3269461049901883,0.5793765142000173,0.04573691753967568,4.760297683649406,0.343409306221728,-0.10017065169861511,0.6085507175213543,0.19286463520446862,0.39144928247864585,-0.1928646352044685,0
260,2016,PHI,6,2,0,0,6,14,4,2.8593488514988397,-2.306378672781971,1.0303284456827966,0.4765581419164733,-0.38439644546366186,0.17172140761379942,1.5832986243996652,1.805944126669731,1.3623641687493877,-1.4566921471661571,-1.8723782294830427,2.4566921471661574,1.8723782294830431,0
261,2016,FLA,6,2,0,3,14,15,7,2.627268707963887,2.0216253424311796,1.4644250690775091,0.4378781179939812,0.3369375570718633,0.24407084484625152,6.113319119472576,0.4297614203706993,-0.013818537549643795,0.33069193721488477,-0.08499414510200087,0.6693080627851152,0.08499414510200087,0
262,2016,MIN,6,2,1,0,17,21,3,1.3884811741067768,5.082375752767068,0.13581145456700952,0.23141352901779613,0.847062625461178,0.02263524242783492,6.606668381440854,0.21016359440822452,-0.23341636351211859,0.7692796821835711,0.3535935998666855,0.230720317816429,-0.35359359986668537,0
263,2016,ANA,7,3,0,0,18,14,6,4.488196475141563,4.711432470477355,1.207598165707232,0.6411709250202232,0.673061781496765,0.17251402367246174,10.40722711132615,0.4312576661517335,-0.012322291768609606,0.45270775972111904,0.0370216774042334,0.5472922402788808,-0.037021677404233566,0
264,2016,CHI,7,3,1,1,20,19,6,2.8058967480675023,5.682742548928062,0.7813617780614315,0.40084239258107174,0.8118203641325803,0.11162311115163306,9.270001075056996,0.3026856982376618,-0.14089425968268132,0.6130250150907477,0.19733893277386205,0.3869749849092523,-0.19733893277386205,0
265,2016,NYI,11,5,3,2,26,32,9,4.115478053624068,6.069287680471183,2.0963512875417107,0.37413436851127896,0.5517534254973803,0.19057738977651917,12.281117021636963,0.33510616716487507,-0.10847379075546804,0.4941967143361851,0.07851063201929948,0.5058032856638148,-0.07851063201929953,0
266,2016,WSH,12,6,1,2,29,22,13,7.724924329050994,7.497999801442399,2.6381474099541635,0.6437436940875828,0.6248333167868666,0.21984561749618028,17.861071540447558,0.4325006095831037,-0.011079348337239392,0.41979563121186153,0.00410954889497589,0.5802043687881383,-0.004109548894976056,0
267,2016,NSH,14,7,2,0,31,43,12,5.3575453783458835,5.580690305866107,1.4244772197209263,0.38268181273899166,0.39862073613329335,0.10174837283720903,12.362712903932916,0.4333632447811275,-0.010216713139215627,0.4514130797367896,0.03572699741990398,0.5485869202632104,-0.03572699741990393,0
268,2016,DAL,13,7,1,2,35,42,15,4.215411587920169,10.6581904632692,0.7220563145159469,0.324262429840013,0.8198608048668615,0.055542793424303606,15.595658365705315,0.2702939170038383,-0.1732860409165048,0.6834075364658183,0.26772145414893267,0.3165924635341817,-0.26772145414893267,0
269,2016,STL,20,10,2,2,57,56,20,8.885091023376862,17.252127831971972,3.02563820909953,0.4442545511688431,0.8626063915985986,0.1512819104549765,29.162857064448364,0.3046714868759698,-0.13890847104437332,0.5915787946923611,0.17589271237547544,0.40842120530763887,-0.1758927123754755,0
270,2016,TBL,17,11,3,1,48,40,20,8.332255462262099,16.63076780098067,3.5659239154111395,0.4901326742507117,0.978280458881216,0.20976023031830232,28.528947178653908,0.29206319497469946,-0.15151676294564365,0.582943622028374,0.16725753971148838,0.417056377971626,-0.16725753971148838,0
271,2016,SJS,24,14,1,4,75,56,31,12.671097768715091,25.9333405250097,3.6303465776259154,0.5279624070297955,1.0805558552087375,0.15126444073441314,42.234784871350705,0.30001568155992503,-0.14356427636041807,0.6140280009476542,0.19834191863076855,0.3859719990523459,-0.19834191863076844,0
272,2016,PIT,24,16,4,3,73,55,31,12.678658371098427,27.1825903867478,3.383198481350089,0.5282774321291012,1.1326079327811585,0.14096660338958703,43.24444723919632,0.293185811833123,-0.15039414608722013,0.6285799015164607,0.21289381919957506,0.37142009848353924,-0.21289381919957512,1
273,2017,CHI,4,0,0,1,3,13,1,1.2128577537388958,-1.8601639097415115,0.369198592404593,0.30321443843472395,-0.46504097743537787,0.09229964810114825,-0.27810756359802263,-4.361110277072376,-4.440610265335721,6.688649117181858,5.802461078854359,-5.688649117181858,-5.802461078854359,0
274,2017,CGY,4,0,0,1,9,14,1,0.9090797401850904,1.3775001671913103,0.23695276453092018,0.2272699350462726,0.3443750417978276,0.059238191132730045,2.5235326719073212,0.3602409234900039,0.28074093522665894,0.5458618319176254,-0.3403262064098739,0.4541381680823745,0.3403262064098738,0
275,2017,MIN,5,1,0,2,8,11,4,3.088460330654153,0.31224311784928105,0.7135330451678021,0.6176920661308306,0.06244862356985621,0.14270660903356042,4.114236493671236,0.7506764220785573,0.6711764338152124,0.07589333241528337,-0.8102947059122159,0.9241066675847166,0.8102947059122159,0
276,2017,CBJ,5,1,0,1,13,21,3,0.11268875947008923,3.1514730468447847,0.1495813380817823,0.022537751894017848,0.630294609368957,0.029916267616356462,3.4137431443966566,0.0330103217212043,-0.04648966654214068,0.9231722814347166,0.036984243107217374,0.07682771856528328,-0.036984243107217415,0
277,2017,MTL,6,2,1,1,11,14,4,3.564628408849782,1.5755132253319704,1.1143980312193231,0.594104734808297,0.2625855375553284,0.18573300520322053,6.254539665401076,0.56992658125883,0.490426592995485,0.25189914999618757,-0.6342888883313117,0.7481008500038123,0.6342888883313116,0
278,2017,BOS,6,2,1,3,13,15,6,2.6945211544881915,1.254246000530056,0.9039604073019873,0.44908685908136525,0.20904100008834267,0.15066006788366457,4.852727562320235,0.5552591032330404,0.4757591149696954,0.25846206786238035,-0.6277259704651189,0.7415379321376198,0.627725970465119,0
279,2017,SJS,6,2,1,1,14,12,4,3.8668207902404323,3.200914211008796,1.0736511322252902,0.6444701317067387,0.5334857018347993,0.1789418553708817,8.14138613347452,0.47495853001510685,0.39545854175176187,0.39316575316920066,-0.4930222851582986,0.6068342468307991,0.49302228515829843,0
280,2017,TOR,6,2,2,3,16,18,5,1.7500252162176373,3.811575025335958,0.906436908760288,0.29167086936960623,0.6352625042226597,0.15107281812671466,6.468037150313883,0.2705651151265746,0.19106512686322963,0.5892939290169334,-0.2968941093105658,0.41070607098306655,0.29689410931056587,0
281,2017,STL,11,6,2,0,22,23,10,6.299258383541423,2.673943808742414,2.1473022644505813,0.5726598530492203,0.2430858007947649,0.19520929676823465,11.120504456734416,0.5664543733649315,0.48695438510158656,0.24045166468353082,-0.6457363736439684,0.7595483353164694,0.6457363736439686,0
282,2017,NYR,12,6,1,3,34,30,14,5.457695976048018,10.517800629720943,2.1930021663612154,0.45480799800400146,0.8764833858100786,0.18275018053010128,18.168498772130175,0.3003933370884736,0.22089334882512862,0.5789031202652182,-0.3072849180622811,0.42109687973478194,0.30728491806228125,0
283,2017,EDM,13,7,1,3,36,35,16,4.807396496972622,8.763680645308021,2.2245694349497733,0.3697997305363555,0.6741292804083093,0.1711207257653672,15.795646577230416,0.3043494594202008,0.22484947115685583,0.5548162022022546,-0.3313718361252447,0.4451837977977454,0.33137183612524473,0
284,2017,WSH,13,7,4,2,36,36,12,5.155877202307622,12.28144344299376,1.266455870759406,0.3966059386390478,0.9447264186918277,0.09741968236610815,18.70377651606079,0.275659688185448,0.19615969992210303,0.6566290734092005,-0.22955896491829875,0.3433709265907995,0.2295589649182988,0
285,2017,ANA,17,10,4,1,50,52,17,5.8514112445654645,17.984050000868237,2.1820724099251705,0.3442006614450273,1.0578852941687198,0.12835720058383357,26.01753365535887,0.22490261075765883,0.14540262249431385,0.6912280863779736,-0.19495995194952564,0.3087719136220264,0.1949599519495257,0
286,2017,OTT,19,11,6,2,47,50,18,7.5725158594733095,12.14193906025819,2.9954585138919874,0.3985534662880689,0.6390494242241153,0.15765571125747302,22.709913433623488,0.33344538637746246,0.2539453981141175,0.5346536919106556,-0.35153434641684367,0.4653463080893444,0.3515343464168437,0
287,2017,NSH,22,14,2,1,60,48,27,12.850260326863687,19.825536561715495,3.4437735278847135,0.5841027421301676,0.9011607528052498,0.15653516035839607,36.1195704164639,0.3557700210356412,0.2762700327722962,0.548886277802426,-0.3373017605250732,0.45111372219757373,0.33730176052507305,0
288,2017,PIT,25,16,2,2,77,57,32,12.508731308396174,31.432013680555915,4.6371888556338,0.5003492523358469,1.2572805472222366,0.185487554225352,48.57793384458589,0.25749821613276164,0.17799822786941666,0.6470430335945437,-0.23914500473295552,0.35295696640545615,0.23914500473295547,1
289,2018,LAK,4,0,0,1,3,7,1,2.8978429158105703,-2.7841960891013726,1.07609490718904,0.7244607289526426,-0.6960490222753432,0.26902372679726,1.1897417338982377,2.4356907329086197,2.0541778935209147,-2.3401684666291733,-2.817903038010872,3.340168466629173,2.8179030380108716,0
290,2018,ANA,4,0,0,0,4,16,0,0.6340185337483364,-1.4828945762015042,0.18884774112438155,0.1585046334370841,-0.37072364405037606,0.04721193528109539,-0.6600283013287863,-0.9605929510475743,-1.3421057904352793,2.2467136230614684,1.7689790516797697,-1.2467136230614686,-1.7689790516797697,0
291,2018,MIN,5,1,0,0,9,16,2,1.9311764803751685,0.11449661714766206,0.8041075715511183,0.3862352960750337,0.022899323429532412,0.16082151431022368,2.849780669073949,0.6776579339359173,0.2961450945482123,0.040177343607593605,-0.43755722777410516,0.9598226563924064,0.4375572277741052,0
292,2018,NJD,5,1,0,0,12,18,2,1.9287672301033645,1.2300187050317861,0.7641354399656518,0.3857534460206729,0.24600374100635722,0.15282708799313036,3.9229213751008025,0.4916660431548423,0.11015320376713728,0.3135466116753818,-0.164187959706317,0.6864533883246182,0.16418795970631705,0
293,2018,PHI,6,2,0,0,15,28,4,0.2522527540838889,2.6148472015076965,-0.14349720830956603,0.042042125680648156,0.4358078669179494,-0.02391620138492767,2.7236027472820195,0.09261730784183594,-0.2888955315458691,0.9600692333407087,0.4823346619590099,0.03993076665929124,-0.4823346619590099,0
294,2018,COL,6,2,0,0,15,22,4,1.7991192597052956,3.705522370027426,0.8856068146693131,0.2998532099508826,0.6175870616712377,0.14760113577821884,6.390248444402035,0.2815413634318638,-0.09997147595584122,0.5798714091114134,0.10213683772971466,0.42012859088858645,-0.10213683772971471,0
295,2018,CBJ,6,2,2,2,18,24,4,1.4231022435875185,3.8818255276352565,0.8409270575180213,0.2371837072645864,0.6469709212725427,0.14015450958633688,6.145854828740796,0.23155480941926077,-0.14995802996844426,0.6316168597868738,0.15388228840517498,0.3683831402131263,-0.15388228840517487,0
296,2018,TOR,7,3,0,0,20,28,6,1.2917517567812182,5.137128226375455,0.6692694672615926,0.18453596525445976,0.7338754609107793,0.09560992389451324,7.098149450418266,0.18198429968322244,-0.1995285397044826,0.7237278198013631,0.24599324841966436,0.2762721801986369,-0.24599324841966425,0
297,2018,BOS,12,5,0,1,41,37,11,5.655979495345674,12.330944716271437,1.4679132661352772,0.4713316246121395,1.027578726355953,0.1223261055112731,19.45483747775239,0.2907235540679062,-0.09078928531979885,0.63382409287009,0.15608952148839123,0.36617590712991,-0.15608952148839117,0
298,2018,SJS,10,6,1,1,30,26,12,5.388819976337499,7.195465007331332,2.128651686548958,0.5388819976337499,0.7195465007331332,0.21286516865489583,14.712936670217788,0.36626406387282645,-0.015248775514878576,0.4890570229868883,0.01132245160518952,0.5109429770131119,-0.011322451605189299,0
299,2018,PIT,12,6,0,1,42,34,13,6.876514934776499,14.162334469099882,1.410708297957815,0.573042911231375,1.1801945390916568,0.11755902482981791,22.449557701834195,0.3063095953206538,-0.0752032440670512,0.6308513805571669,0.15311680917546816,0.3691486194428331,-0.15311680917546805,0
300,2018,NSH,13,7,1,0,41,42,13,5.7532588348900155,10.325195323347097,1.8582193308582953,0.44255837191461656,0.7942457941036228,0.14293994852756117,17.93667348909541,0.32075394795962064,-0.06075889142808438,0.5756471694500263,0.09791259806832747,0.4243528305499738,-0.09791259806832736,0
301,2018,WPG,17,9,0,1,53,42,19,9.527937793772823,14.776542044380642,3.076969927797208,0.5604669290454601,0.8692083555518025,0.18099823104689458,27.381449765950673,0.3479705375433037,-0.03354230184440132,0.53965521076081,0.06192063937911124,0.46034478923919,-0.061920639379111186,0
302,2018,TBL,17,11,1,0,50,48,21,8.650430433253367,12.287343609667358,2.9633161385538913,0.508848849014904,0.722784918215727,0.17431271403258183,23.90109018147462,0.36192618694682754,-0.019586652440877483,0.5140913454730653,0.03635677409136656,0.48590865452693455,-0.03635677409136662,0
303,2018,VEG,20,13,2,1,57,47,25,11.237331099449476,14.225577821825485,4.04647248409167,0.5618665549724737,0.7112788910912743,0.20232362420458352,29.50938140536663,0.3808053766049408,-7.074627827642344e-4,0.4820696722310281,0.00433510084932931,0.5179303277689721,-0.004335100849329088,0
304,2018,WSH,24,16,3,2,86,61,31,13.514160207273953,28.316299758556564,3.6208592276249663,0.5630900086364147,1.17984582327319,0.15086913448437358,45.45131919345548,0.29733262855921355,-0.08418021082849148,0.6230028140224765,0.1452682426407777,0.37699718597752346,-0.1452682426407777,1
305,2019,PIT,4,0,0,1,6,14,1,1.4163744022966485,0.06761252102695611,0.4706178063106926,0.3540936005741621,0.016903130256739028,0.11765445157767315,1.9546047296342972,0.7246346950985069,0.345218234383111,0.03459140357222316,-0.4587898831475199,0.9654085964277768,0.4587898831475198,0
306,2019,TBL,4,0,0,0,8,19,0,0.7110969732737742,1.3674514974949303,-0.1205066852546487,0.17777424331844355,0.3418628743737326,-0.030126671313662173,1.9580417855140557,0.36316741477868203,-0.016249045936713835,0.698377076327779,0.20499578960803594,0.3016229236722211,-0.20499578960803588,0
307,2019,CGY,5,1,0,2,11,17,4,1.162183883224385,1.631541927193504,0.9914307231502656,0.232436776644877,0.32630838543870083,0.19828614463005312,3.7851565335681547,0.3070372051770416,-0.07237925553835428,0.4310368442426073,-0.062344442477135775,0.5689631557573926,0.062344442477135664,0
308,2019,NSH,6,2,1,1,12,18,4,2.126582272604712,1.589690572685008,0.8289111836187084,0.35443037876745204,0.26494842878083463,0.1381518639364514,4.545184028908428,0.4678759449736587,0.08845948425826283,0.34975274104947257,-0.1436285456702705,0.6502472589505275,0.1436285456702705,0
309,2019,WPG,6,2,1,0,16,16,3,2.6658681258597796,4.183770692940653,0.8173611755271493,0.44431135430996327,0.6972951154901089,0.1362268625878582,7.666999994327582,0.34770681202975323,-0.03170964868564263,0.5456854957657505,0.052304209046007466,0.45431450423424946,-0.05230420904600752,0
310,2019,TOR,7,3,0,0,17,23,6,2.8305255299794676,2.0936199089104677,1.3007326160324966,0.4043607899970668,0.2990885584157811,0.1858189451474995,6.224878054922431,0.45471180399127337,0.0752953432758775,0.33633107194042156,-0.15705021477932152,0.6636689280595786,0.15705021477932157,0
311,2019,WSH,7,3,1,1,20,21,6,2.7427947005951383,4.4736099046444915,1.0605386717729384,0.39182781437073405,0.6390871292349274,0.1515055245389912,8.276943277012569,0.3313777331557486,-0.048038727559647276,0.5404905838933295,0.04710929717358642,0.4595094161066704,-0.047109297173586584,0
312,2019,VEG,7,3,0,2,25,23,8,2.550393985560607,9.108276192133781,0.9239106004840473,0.3643419979372296,1.3011823131619686,0.13198722864057819,12.582580778178436,0.20269243889804173,-0.17672402181735414,0.7238798107245193,0.23049852400477627,0.27612018927548065,-0.23049852400477633,0
313,2019,NYI,8,4,1,1,19,19,8,4.700542555514337,4.828768598198144,1.4833686197609428,0.5875678194392921,0.603596074774768,0.18542107747011785,11.012679773473424,0.4268300406624622,0.04741357994706635,0.4384735321033619,-0.0549077546163812,0.5615264678966381,0.05490775461638109,0
314,2019,CBJ,10,6,1,1,30,25,12,4.7597916837532654,7.96370095937994,1.8661577392818507,0.47597916837532656,0.796370095937994,0.18661577392818507,14.589650382415057,0.3262443964723277,-0.05317206424306814,0.5458459079306389,0.052464621210895845,0.4541540920693611,-0.0524646212108959,0
315,2019,COL,12,7,3,0,35,31,11,6.328931715063422,10.614520511209633,2.0906144973605247,0.5274109762552851,0.8845433759341361,0.17421787478004372,19.03406672363358,0.3325054917037318,-0.04691096901166408,0.5576590996200593,0.06427781290031626,0.4423409003799407,-0.06427781290031626,0
316,2019,DAL,13,7,1,2,35,30,15,6.7672734936445975,7.309109915736303,2.930691489217434,0.5205594995111229,0.5622392242874079,0.22543780686287954,17.007074898598333,0.3979093132706985,0.01849285255530264,0.42976878500950777,-0.0636125017102353,0.5702312149904923,0.06361250171023536,0
317,2019,CAR,15,8,2,1,39,42,15,7.626598783471039,7.246458286405768,1.493907101676083,0.5084399188980693,0.4830972190937179,0.09959380677840553,16.36696417155289,0.46597516213340806,0.0865587014180122,0.44274907737628577,-0.0506322093434573,0.5572509226237141,0.050632209343457135,0
318,2019,SJS,20,10,3,1,58,66,18,6.560310084243947,16.810661554515,1.64545293289612,0.3280155042121974,0.84053307772575,0.082272646644806,25.01642457165507,0.2622401161066448,-0.11717634460875104,0.6719849795626818,0.1786036928429387,0.3280150204373183,-0.1786036928429387,0
319,2019,BOS,24,15,1,2,79,51,31,14.493917842457208,25.39410315283627,4.813982140709943,0.603913243435717,1.058087631368178,0.2005825891962476,44.70200313600341,0.324234191437915,-0.05518226927748088,0.5680752845812321,0.07469399786148906,0.43192471541876803,-0.07469399786148895,0
320,2019,STL,26,16,2,2,75,70,32,13.018152337950145,22.48059524315673,3.3011111743970445,0.5006981668442363,0.8646382785829512,0.12696581439988633,38.79985875550392,0.3355206115564394,-0.043895849158956446,0.5793988938160185,0.08601760709627543,0.4206011061839815,-0.08601760709627548,1
